respondent_id,synthetic_judgment_lens,case_id,purchase,scenario_context,label,simulation_note
SYN001,Essentials-first,01,"20 lb bag of rice, $24, at Target","monthly staple, pantry empty",NEED,Synthetic rule-based vote; not a real participant response.
SYN002,Essentials-first,01,"20 lb bag of rice, $24, at Target","monthly staple, pantry empty",NEED,Synthetic rule-based vote; not a real participant response.
SYN003,Essentials-first,01,"20 lb bag of rice, $24, at Target","monthly staple, pantry empty",NEED,Synthetic rule-based vote; not a real participant response.
SYN004,Essentials-first,01,"20 lb bag of rice, $24, at Target","monthly staple, pantry empty",NEED,Synthetic rule-based vote; not a real participant response.
SYN005,Essentials-first,01,"20 lb bag of rice, $24, at Target","monthly staple, pantry empty",NEED,Synthetic rule-based vote; not a real participant response.
SYN006,Essentials-first,01,"20 lb bag of rice, $24, at Target","monthly staple, pantry empty",NEED,Synthetic rule-based vote; not a real participant response.
SYN007,Essentials-first,01,"20 lb bag of rice, $24, at Target","monthly staple, pantry empty",NEED,Synthetic rule-based vote; not a real participant response.
SYN008,Essentials-first,01,"20 lb bag of rice, $24, at Target","monthly staple, pantry empty",NEED,Synthetic rule-based vote; not a real participant response.
SYN009,Essentials-first,01,"20 lb bag of rice, $24, at Target","monthly staple, pantry empty",NEED,Synthetic rule-based vote; not a real participant response.
SYN010,Essentials-first,01,"20 lb bag of rice, $24, at Target","monthly staple, pantry empty",NEED,Synthetic rule-based vote; not a real participant response.
SYN011,Budget-guarding,01,"20 lb bag of rice, $24, at Target","monthly staple, pantry empty",NEED,Synthetic rule-based vote; not a real participant response.
SYN012,Budget-guarding,01,"20 lb bag of rice, $24, at Target","monthly staple, pantry empty",NEED,Synthetic rule-based vote; not a real participant response.
SYN013,Budget-guarding,01,"20 lb bag of rice, $24, at Target","monthly staple, pantry empty",NEED,Synthetic rule-based vote; not a real participant response.
SYN014,Budget-guarding,01,"20 lb bag of rice, $24, at Target","monthly staple, pantry empty",NEED,Synthetic rule-based vote; not a real participant response.
SYN015,Budget-guarding,01,"20 lb bag of rice, $24, at Target","monthly staple, pantry empty",NEED,Synthetic rule-based vote; not a real participant response.
SYN016,Budget-guarding,01,"20 lb bag of rice, $24, at Target","monthly staple, pantry empty",NEED,Synthetic rule-based vote; not a real participant response.
SYN017,Budget-guarding,01,"20 lb bag of rice, $24, at Target","monthly staple, pantry empty",NEED,Synthetic rule-based vote; not a real participant response.
SYN018,Budget-guarding,01,"20 lb bag of rice, $24, at Target","monthly staple, pantry empty",NEED,Synthetic rule-based vote; not a real participant response.
SYN019,Budget-guarding,01,"20 lb bag of rice, $24, at Target","monthly staple, pantry empty",NEED,Synthetic rule-based vote; not a real participant response.
SYN020,Budget-guarding,01,"20 lb bag of rice, $24, at Target","monthly staple, pantry empty",NEED,Synthetic rule-based vote; not a real participant response.
SYN021,Context-first,01,"20 lb bag of rice, $24, at Target","monthly staple, pantry empty",NEED,Synthetic rule-based vote; not a real participant response.
SYN022,Context-first,01,"20 lb bag of rice, $24, at Target","monthly staple, pantry empty",NEED,Synthetic rule-based vote; not a real participant response.
SYN023,Context-first,01,"20 lb bag of rice, $24, at Target","monthly staple, pantry empty",NEED,Synthetic rule-based vote; not a real participant response.
SYN024,Context-first,01,"20 lb bag of rice, $24, at Target","monthly staple, pantry empty",NEED,Synthetic rule-based vote; not a real participant response.
SYN025,Context-first,01,"20 lb bag of rice, $24, at Target","monthly staple, pantry empty",NEED,Synthetic rule-based vote; not a real participant response.
SYN026,Context-first,01,"20 lb bag of rice, $24, at Target","monthly staple, pantry empty",NEED,Synthetic rule-based vote; not a real participant response.
SYN027,Context-first,01,"20 lb bag of rice, $24, at Target","monthly staple, pantry empty",NEED,Synthetic rule-based vote; not a real participant response.
SYN028,Context-first,01,"20 lb bag of rice, $24, at Target","monthly staple, pantry empty",NEED,Synthetic rule-based vote; not a real participant response.
SYN029,Context-first,01,"20 lb bag of rice, $24, at Target","monthly staple, pantry empty",NEED,Synthetic rule-based vote; not a real participant response.
SYN030,Context-first,01,"20 lb bag of rice, $24, at Target","monthly staple, pantry empty",NEED,Synthetic rule-based vote; not a real participant response.
SYN031,Family-care priority,01,"20 lb bag of rice, $24, at Target","monthly staple, pantry empty",NEED,Synthetic rule-based vote; not a real participant response.
SYN032,Family-care priority,01,"20 lb bag of rice, $24, at Target","monthly staple, pantry empty",NEED,Synthetic rule-based vote; not a real participant response.
SYN033,Family-care priority,01,"20 lb bag of rice, $24, at Target","monthly staple, pantry empty",NEED,Synthetic rule-based vote; not a real participant response.
SYN034,Family-care priority,01,"20 lb bag of rice, $24, at Target","monthly staple, pantry empty",NEED,Synthetic rule-based vote; not a real participant response.
SYN035,Family-care priority,01,"20 lb bag of rice, $24, at Target","monthly staple, pantry empty",NEED,Synthetic rule-based vote; not a real participant response.
SYN036,Family-care priority,01,"20 lb bag of rice, $24, at Target","monthly staple, pantry empty",NEED,Synthetic rule-based vote; not a real participant response.
SYN037,Family-care priority,01,"20 lb bag of rice, $24, at Target","monthly staple, pantry empty",NEED,Synthetic rule-based vote; not a real participant response.
SYN038,Family-care priority,01,"20 lb bag of rice, $24, at Target","monthly staple, pantry empty",NEED,Synthetic rule-based vote; not a real participant response.
SYN039,Family-care priority,01,"20 lb bag of rice, $24, at Target","monthly staple, pantry empty",NEED,Synthetic rule-based vote; not a real participant response.
SYN040,Family-care priority,01,"20 lb bag of rice, $24, at Target","monthly staple, pantry empty",NEED,Synthetic rule-based vote; not a real participant response.
SYN041,Wellbeing-balanced,01,"20 lb bag of rice, $24, at Target","monthly staple, pantry empty",NEED,Synthetic rule-based vote; not a real participant response.
SYN042,Wellbeing-balanced,01,"20 lb bag of rice, $24, at Target","monthly staple, pantry empty",NEED,Synthetic rule-based vote; not a real participant response.
SYN043,Wellbeing-balanced,01,"20 lb bag of rice, $24, at Target","monthly staple, pantry empty",NEED,Synthetic rule-based vote; not a real participant response.
SYN044,Wellbeing-balanced,01,"20 lb bag of rice, $24, at Target","monthly staple, pantry empty",NEED,Synthetic rule-based vote; not a real participant response.
SYN045,Wellbeing-balanced,01,"20 lb bag of rice, $24, at Target","monthly staple, pantry empty",NEED,Synthetic rule-based vote; not a real participant response.
SYN046,Wellbeing-balanced,01,"20 lb bag of rice, $24, at Target","monthly staple, pantry empty",NEED,Synthetic rule-based vote; not a real participant response.
SYN047,Wellbeing-balanced,01,"20 lb bag of rice, $24, at Target","monthly staple, pantry empty",NEED,Synthetic rule-based vote; not a real participant response.
SYN048,Wellbeing-balanced,01,"20 lb bag of rice, $24, at Target","monthly staple, pantry empty",NEED,Synthetic rule-based vote; not a real participant response.
SYN049,Wellbeing-balanced,01,"20 lb bag of rice, $24, at Target","monthly staple, pantry empty",NEED,Synthetic rule-based vote; not a real participant response.
SYN050,Wellbeing-balanced,01,"20 lb bag of rice, $24, at Target","monthly staple, pantry empty",NEED,Synthetic rule-based vote; not a real participant response.
SYN001,Essentials-first,02,"Dish soap, $4, at Target",ran out,NEED,Synthetic rule-based vote; not a real participant response.
SYN002,Essentials-first,02,"Dish soap, $4, at Target",ran out,NEED,Synthetic rule-based vote; not a real participant response.
SYN003,Essentials-first,02,"Dish soap, $4, at Target",ran out,NEED,Synthetic rule-based vote; not a real participant response.
SYN004,Essentials-first,02,"Dish soap, $4, at Target",ran out,NEED,Synthetic rule-based vote; not a real participant response.
SYN005,Essentials-first,02,"Dish soap, $4, at Target",ran out,NEED,Synthetic rule-based vote; not a real participant response.
SYN006,Essentials-first,02,"Dish soap, $4, at Target",ran out,NEED,Synthetic rule-based vote; not a real participant response.
SYN007,Essentials-first,02,"Dish soap, $4, at Target",ran out,NEED,Synthetic rule-based vote; not a real participant response.
SYN008,Essentials-first,02,"Dish soap, $4, at Target",ran out,NEED,Synthetic rule-based vote; not a real participant response.
SYN009,Essentials-first,02,"Dish soap, $4, at Target",ran out,NEED,Synthetic rule-based vote; not a real participant response.
SYN010,Essentials-first,02,"Dish soap, $4, at Target",ran out,NEED,Synthetic rule-based vote; not a real participant response.
SYN011,Budget-guarding,02,"Dish soap, $4, at Target",ran out,NEED,Synthetic rule-based vote; not a real participant response.
SYN012,Budget-guarding,02,"Dish soap, $4, at Target",ran out,NEED,Synthetic rule-based vote; not a real participant response.
SYN013,Budget-guarding,02,"Dish soap, $4, at Target",ran out,NEED,Synthetic rule-based vote; not a real participant response.
SYN014,Budget-guarding,02,"Dish soap, $4, at Target",ran out,NEED,Synthetic rule-based vote; not a real participant response.
SYN015,Budget-guarding,02,"Dish soap, $4, at Target",ran out,NEED,Synthetic rule-based vote; not a real participant response.
SYN016,Budget-guarding,02,"Dish soap, $4, at Target",ran out,NEED,Synthetic rule-based vote; not a real participant response.
SYN017,Budget-guarding,02,"Dish soap, $4, at Target",ran out,NEED,Synthetic rule-based vote; not a real participant response.
SYN018,Budget-guarding,02,"Dish soap, $4, at Target",ran out,NEED,Synthetic rule-based vote; not a real participant response.
SYN019,Budget-guarding,02,"Dish soap, $4, at Target",ran out,NEED,Synthetic rule-based vote; not a real participant response.
SYN020,Budget-guarding,02,"Dish soap, $4, at Target",ran out,NEED,Synthetic rule-based vote; not a real participant response.
SYN021,Context-first,02,"Dish soap, $4, at Target",ran out,NEED,Synthetic rule-based vote; not a real participant response.
SYN022,Context-first,02,"Dish soap, $4, at Target",ran out,NEED,Synthetic rule-based vote; not a real participant response.
SYN023,Context-first,02,"Dish soap, $4, at Target",ran out,NEED,Synthetic rule-based vote; not a real participant response.
SYN024,Context-first,02,"Dish soap, $4, at Target",ran out,NEED,Synthetic rule-based vote; not a real participant response.
SYN025,Context-first,02,"Dish soap, $4, at Target",ran out,NEED,Synthetic rule-based vote; not a real participant response.
SYN026,Context-first,02,"Dish soap, $4, at Target",ran out,NEED,Synthetic rule-based vote; not a real participant response.
SYN027,Context-first,02,"Dish soap, $4, at Target",ran out,NEED,Synthetic rule-based vote; not a real participant response.
SYN028,Context-first,02,"Dish soap, $4, at Target",ran out,NEED,Synthetic rule-based vote; not a real participant response.
SYN029,Context-first,02,"Dish soap, $4, at Target",ran out,NEED,Synthetic rule-based vote; not a real participant response.
SYN030,Context-first,02,"Dish soap, $4, at Target",ran out,NEED,Synthetic rule-based vote; not a real participant response.
SYN031,Family-care priority,02,"Dish soap, $4, at Target",ran out,NEED,Synthetic rule-based vote; not a real participant response.
SYN032,Family-care priority,02,"Dish soap, $4, at Target",ran out,NEED,Synthetic rule-based vote; not a real participant response.
SYN033,Family-care priority,02,"Dish soap, $4, at Target",ran out,NEED,Synthetic rule-based vote; not a real participant response.
SYN034,Family-care priority,02,"Dish soap, $4, at Target",ran out,NEED,Synthetic rule-based vote; not a real participant response.
SYN035,Family-care priority,02,"Dish soap, $4, at Target",ran out,NEED,Synthetic rule-based vote; not a real participant response.
SYN036,Family-care priority,02,"Dish soap, $4, at Target",ran out,NEED,Synthetic rule-based vote; not a real participant response.
SYN037,Family-care priority,02,"Dish soap, $4, at Target",ran out,NEED,Synthetic rule-based vote; not a real participant response.
SYN038,Family-care priority,02,"Dish soap, $4, at Target",ran out,NEED,Synthetic rule-based vote; not a real participant response.
SYN039,Family-care priority,02,"Dish soap, $4, at Target",ran out,NEED,Synthetic rule-based vote; not a real participant response.
SYN040,Family-care priority,02,"Dish soap, $4, at Target",ran out,NEED,Synthetic rule-based vote; not a real participant response.
SYN041,Wellbeing-balanced,02,"Dish soap, $4, at Target",ran out,NEED,Synthetic rule-based vote; not a real participant response.
SYN042,Wellbeing-balanced,02,"Dish soap, $4, at Target",ran out,NEED,Synthetic rule-based vote; not a real participant response.
SYN043,Wellbeing-balanced,02,"Dish soap, $4, at Target",ran out,NEED,Synthetic rule-based vote; not a real participant response.
SYN044,Wellbeing-balanced,02,"Dish soap, $4, at Target",ran out,NEED,Synthetic rule-based vote; not a real participant response.
SYN045,Wellbeing-balanced,02,"Dish soap, $4, at Target",ran out,NEED,Synthetic rule-based vote; not a real participant response.
SYN046,Wellbeing-balanced,02,"Dish soap, $4, at Target",ran out,NEED,Synthetic rule-based vote; not a real participant response.
SYN047,Wellbeing-balanced,02,"Dish soap, $4, at Target",ran out,NEED,Synthetic rule-based vote; not a real participant response.
SYN048,Wellbeing-balanced,02,"Dish soap, $4, at Target",ran out,NEED,Synthetic rule-based vote; not a real participant response.
SYN049,Wellbeing-balanced,02,"Dish soap, $4, at Target",ran out,NEED,Synthetic rule-based vote; not a real participant response.
SYN050,Wellbeing-balanced,02,"Dish soap, $4, at Target",ran out,NEED,Synthetic rule-based vote; not a real participant response.
SYN001,Essentials-first,03,"AirPods Pro, $179, at Target",has working wired earbuds,WANT,Synthetic rule-based vote; not a real participant response.
SYN002,Essentials-first,03,"AirPods Pro, $179, at Target",has working wired earbuds,WANT,Synthetic rule-based vote; not a real participant response.
SYN003,Essentials-first,03,"AirPods Pro, $179, at Target",has working wired earbuds,WANT,Synthetic rule-based vote; not a real participant response.
SYN004,Essentials-first,03,"AirPods Pro, $179, at Target",has working wired earbuds,WANT,Synthetic rule-based vote; not a real participant response.
SYN005,Essentials-first,03,"AirPods Pro, $179, at Target",has working wired earbuds,WANT,Synthetic rule-based vote; not a real participant response.
SYN006,Essentials-first,03,"AirPods Pro, $179, at Target",has working wired earbuds,WANT,Synthetic rule-based vote; not a real participant response.
SYN007,Essentials-first,03,"AirPods Pro, $179, at Target",has working wired earbuds,WANT,Synthetic rule-based vote; not a real participant response.
SYN008,Essentials-first,03,"AirPods Pro, $179, at Target",has working wired earbuds,WANT,Synthetic rule-based vote; not a real participant response.
SYN009,Essentials-first,03,"AirPods Pro, $179, at Target",has working wired earbuds,WANT,Synthetic rule-based vote; not a real participant response.
SYN010,Essentials-first,03,"AirPods Pro, $179, at Target",has working wired earbuds,WANT,Synthetic rule-based vote; not a real participant response.
SYN011,Budget-guarding,03,"AirPods Pro, $179, at Target",has working wired earbuds,WANT,Synthetic rule-based vote; not a real participant response.
SYN012,Budget-guarding,03,"AirPods Pro, $179, at Target",has working wired earbuds,WANT,Synthetic rule-based vote; not a real participant response.
SYN013,Budget-guarding,03,"AirPods Pro, $179, at Target",has working wired earbuds,WANT,Synthetic rule-based vote; not a real participant response.
SYN014,Budget-guarding,03,"AirPods Pro, $179, at Target",has working wired earbuds,WANT,Synthetic rule-based vote; not a real participant response.
SYN015,Budget-guarding,03,"AirPods Pro, $179, at Target",has working wired earbuds,WANT,Synthetic rule-based vote; not a real participant response.
SYN016,Budget-guarding,03,"AirPods Pro, $179, at Target",has working wired earbuds,WANT,Synthetic rule-based vote; not a real participant response.
SYN017,Budget-guarding,03,"AirPods Pro, $179, at Target",has working wired earbuds,WANT,Synthetic rule-based vote; not a real participant response.
SYN018,Budget-guarding,03,"AirPods Pro, $179, at Target",has working wired earbuds,WANT,Synthetic rule-based vote; not a real participant response.
SYN019,Budget-guarding,03,"AirPods Pro, $179, at Target",has working wired earbuds,WANT,Synthetic rule-based vote; not a real participant response.
SYN020,Budget-guarding,03,"AirPods Pro, $179, at Target",has working wired earbuds,WANT,Synthetic rule-based vote; not a real participant response.
SYN021,Context-first,03,"AirPods Pro, $179, at Target",has working wired earbuds,WANT,Synthetic rule-based vote; not a real participant response.
SYN022,Context-first,03,"AirPods Pro, $179, at Target",has working wired earbuds,WANT,Synthetic rule-based vote; not a real participant response.
SYN023,Context-first,03,"AirPods Pro, $179, at Target",has working wired earbuds,WANT,Synthetic rule-based vote; not a real participant response.
SYN024,Context-first,03,"AirPods Pro, $179, at Target",has working wired earbuds,WANT,Synthetic rule-based vote; not a real participant response.
SYN025,Context-first,03,"AirPods Pro, $179, at Target",has working wired earbuds,WANT,Synthetic rule-based vote; not a real participant response.
SYN026,Context-first,03,"AirPods Pro, $179, at Target",has working wired earbuds,WANT,Synthetic rule-based vote; not a real participant response.
SYN027,Context-first,03,"AirPods Pro, $179, at Target",has working wired earbuds,WANT,Synthetic rule-based vote; not a real participant response.
SYN028,Context-first,03,"AirPods Pro, $179, at Target",has working wired earbuds,WANT,Synthetic rule-based vote; not a real participant response.
SYN029,Context-first,03,"AirPods Pro, $179, at Target",has working wired earbuds,WANT,Synthetic rule-based vote; not a real participant response.
SYN030,Context-first,03,"AirPods Pro, $179, at Target",has working wired earbuds,WANT,Synthetic rule-based vote; not a real participant response.
SYN031,Family-care priority,03,"AirPods Pro, $179, at Target",has working wired earbuds,WANT,Synthetic rule-based vote; not a real participant response.
SYN032,Family-care priority,03,"AirPods Pro, $179, at Target",has working wired earbuds,WANT,Synthetic rule-based vote; not a real participant response.
SYN033,Family-care priority,03,"AirPods Pro, $179, at Target",has working wired earbuds,WANT,Synthetic rule-based vote; not a real participant response.
SYN034,Family-care priority,03,"AirPods Pro, $179, at Target",has working wired earbuds,WANT,Synthetic rule-based vote; not a real participant response.
SYN035,Family-care priority,03,"AirPods Pro, $179, at Target",has working wired earbuds,WANT,Synthetic rule-based vote; not a real participant response.
SYN036,Family-care priority,03,"AirPods Pro, $179, at Target",has working wired earbuds,WANT,Synthetic rule-based vote; not a real participant response.
SYN037,Family-care priority,03,"AirPods Pro, $179, at Target",has working wired earbuds,WANT,Synthetic rule-based vote; not a real participant response.
SYN038,Family-care priority,03,"AirPods Pro, $179, at Target",has working wired earbuds,WANT,Synthetic rule-based vote; not a real participant response.
SYN039,Family-care priority,03,"AirPods Pro, $179, at Target",has working wired earbuds,WANT,Synthetic rule-based vote; not a real participant response.
SYN040,Family-care priority,03,"AirPods Pro, $179, at Target",has working wired earbuds,WANT,Synthetic rule-based vote; not a real participant response.
SYN041,Wellbeing-balanced,03,"AirPods Pro, $179, at Target",has working wired earbuds,WANT,Synthetic rule-based vote; not a real participant response.
SYN042,Wellbeing-balanced,03,"AirPods Pro, $179, at Target",has working wired earbuds,WANT,Synthetic rule-based vote; not a real participant response.
SYN043,Wellbeing-balanced,03,"AirPods Pro, $179, at Target",has working wired earbuds,WANT,Synthetic rule-based vote; not a real participant response.
SYN044,Wellbeing-balanced,03,"AirPods Pro, $179, at Target",has working wired earbuds,WANT,Synthetic rule-based vote; not a real participant response.
SYN045,Wellbeing-balanced,03,"AirPods Pro, $179, at Target",has working wired earbuds,WANT,Synthetic rule-based vote; not a real participant response.
SYN046,Wellbeing-balanced,03,"AirPods Pro, $179, at Target",has working wired earbuds,WANT,Synthetic rule-based vote; not a real participant response.
SYN047,Wellbeing-balanced,03,"AirPods Pro, $179, at Target",has working wired earbuds,WANT,Synthetic rule-based vote; not a real participant response.
SYN048,Wellbeing-balanced,03,"AirPods Pro, $179, at Target",has working wired earbuds,WANT,Synthetic rule-based vote; not a real participant response.
SYN049,Wellbeing-balanced,03,"AirPods Pro, $179, at Target",has working wired earbuds,WANT,Synthetic rule-based vote; not a real participant response.
SYN050,Wellbeing-balanced,03,"AirPods Pro, $179, at Target",has working wired earbuds,WANT,Synthetic rule-based vote; not a real participant response.
SYN001,Essentials-first,04,"Rent, $650",due on the 1st,NEED,Synthetic rule-based vote; not a real participant response.
SYN002,Essentials-first,04,"Rent, $650",due on the 1st,NEED,Synthetic rule-based vote; not a real participant response.
SYN003,Essentials-first,04,"Rent, $650",due on the 1st,NEED,Synthetic rule-based vote; not a real participant response.
SYN004,Essentials-first,04,"Rent, $650",due on the 1st,NEED,Synthetic rule-based vote; not a real participant response.
SYN005,Essentials-first,04,"Rent, $650",due on the 1st,NEED,Synthetic rule-based vote; not a real participant response.
SYN006,Essentials-first,04,"Rent, $650",due on the 1st,NEED,Synthetic rule-based vote; not a real participant response.
SYN007,Essentials-first,04,"Rent, $650",due on the 1st,NEED,Synthetic rule-based vote; not a real participant response.
SYN008,Essentials-first,04,"Rent, $650",due on the 1st,NEED,Synthetic rule-based vote; not a real participant response.
SYN009,Essentials-first,04,"Rent, $650",due on the 1st,NEED,Synthetic rule-based vote; not a real participant response.
SYN010,Essentials-first,04,"Rent, $650",due on the 1st,NEED,Synthetic rule-based vote; not a real participant response.
SYN011,Budget-guarding,04,"Rent, $650",due on the 1st,NEED,Synthetic rule-based vote; not a real participant response.
SYN012,Budget-guarding,04,"Rent, $650",due on the 1st,NEED,Synthetic rule-based vote; not a real participant response.
SYN013,Budget-guarding,04,"Rent, $650",due on the 1st,NEED,Synthetic rule-based vote; not a real participant response.
SYN014,Budget-guarding,04,"Rent, $650",due on the 1st,NEED,Synthetic rule-based vote; not a real participant response.
SYN015,Budget-guarding,04,"Rent, $650",due on the 1st,NEED,Synthetic rule-based vote; not a real participant response.
SYN016,Budget-guarding,04,"Rent, $650",due on the 1st,NEED,Synthetic rule-based vote; not a real participant response.
SYN017,Budget-guarding,04,"Rent, $650",due on the 1st,NEED,Synthetic rule-based vote; not a real participant response.
SYN018,Budget-guarding,04,"Rent, $650",due on the 1st,NEED,Synthetic rule-based vote; not a real participant response.
SYN019,Budget-guarding,04,"Rent, $650",due on the 1st,NEED,Synthetic rule-based vote; not a real participant response.
SYN020,Budget-guarding,04,"Rent, $650",due on the 1st,NEED,Synthetic rule-based vote; not a real participant response.
SYN021,Context-first,04,"Rent, $650",due on the 1st,NEED,Synthetic rule-based vote; not a real participant response.
SYN022,Context-first,04,"Rent, $650",due on the 1st,NEED,Synthetic rule-based vote; not a real participant response.
SYN023,Context-first,04,"Rent, $650",due on the 1st,NEED,Synthetic rule-based vote; not a real participant response.
SYN024,Context-first,04,"Rent, $650",due on the 1st,NEED,Synthetic rule-based vote; not a real participant response.
SYN025,Context-first,04,"Rent, $650",due on the 1st,NEED,Synthetic rule-based vote; not a real participant response.
SYN026,Context-first,04,"Rent, $650",due on the 1st,NEED,Synthetic rule-based vote; not a real participant response.
SYN027,Context-first,04,"Rent, $650",due on the 1st,NEED,Synthetic rule-based vote; not a real participant response.
SYN028,Context-first,04,"Rent, $650",due on the 1st,NEED,Synthetic rule-based vote; not a real participant response.
SYN029,Context-first,04,"Rent, $650",due on the 1st,NEED,Synthetic rule-based vote; not a real participant response.
SYN030,Context-first,04,"Rent, $650",due on the 1st,NEED,Synthetic rule-based vote; not a real participant response.
SYN031,Family-care priority,04,"Rent, $650",due on the 1st,NEED,Synthetic rule-based vote; not a real participant response.
SYN032,Family-care priority,04,"Rent, $650",due on the 1st,NEED,Synthetic rule-based vote; not a real participant response.
SYN033,Family-care priority,04,"Rent, $650",due on the 1st,NEED,Synthetic rule-based vote; not a real participant response.
SYN034,Family-care priority,04,"Rent, $650",due on the 1st,NEED,Synthetic rule-based vote; not a real participant response.
SYN035,Family-care priority,04,"Rent, $650",due on the 1st,NEED,Synthetic rule-based vote; not a real participant response.
SYN036,Family-care priority,04,"Rent, $650",due on the 1st,NEED,Synthetic rule-based vote; not a real participant response.
SYN037,Family-care priority,04,"Rent, $650",due on the 1st,NEED,Synthetic rule-based vote; not a real participant response.
SYN038,Family-care priority,04,"Rent, $650",due on the 1st,NEED,Synthetic rule-based vote; not a real participant response.
SYN039,Family-care priority,04,"Rent, $650",due on the 1st,NEED,Synthetic rule-based vote; not a real participant response.
SYN040,Family-care priority,04,"Rent, $650",due on the 1st,NEED,Synthetic rule-based vote; not a real participant response.
SYN041,Wellbeing-balanced,04,"Rent, $650",due on the 1st,NEED,Synthetic rule-based vote; not a real participant response.
SYN042,Wellbeing-balanced,04,"Rent, $650",due on the 1st,NEED,Synthetic rule-based vote; not a real participant response.
SYN043,Wellbeing-balanced,04,"Rent, $650",due on the 1st,NEED,Synthetic rule-based vote; not a real participant response.
SYN044,Wellbeing-balanced,04,"Rent, $650",due on the 1st,NEED,Synthetic rule-based vote; not a real participant response.
SYN045,Wellbeing-balanced,04,"Rent, $650",due on the 1st,NEED,Synthetic rule-based vote; not a real participant response.
SYN046,Wellbeing-balanced,04,"Rent, $650",due on the 1st,NEED,Synthetic rule-based vote; not a real participant response.
SYN047,Wellbeing-balanced,04,"Rent, $650",due on the 1st,NEED,Synthetic rule-based vote; not a real participant response.
SYN048,Wellbeing-balanced,04,"Rent, $650",due on the 1st,NEED,Synthetic rule-based vote; not a real participant response.
SYN049,Wellbeing-balanced,04,"Rent, $650",due on the 1st,NEED,Synthetic rule-based vote; not a real participant response.
SYN050,Wellbeing-balanced,04,"Rent, $650",due on the 1st,NEED,Synthetic rule-based vote; not a real participant response.
SYN001,Essentials-first,05,"Electric bill, $48",monthly,NEED,Synthetic rule-based vote; not a real participant response.
SYN002,Essentials-first,05,"Electric bill, $48",monthly,NEED,Synthetic rule-based vote; not a real participant response.
SYN003,Essentials-first,05,"Electric bill, $48",monthly,NEED,Synthetic rule-based vote; not a real participant response.
SYN004,Essentials-first,05,"Electric bill, $48",monthly,NEED,Synthetic rule-based vote; not a real participant response.
SYN005,Essentials-first,05,"Electric bill, $48",monthly,NEED,Synthetic rule-based vote; not a real participant response.
SYN006,Essentials-first,05,"Electric bill, $48",monthly,NEED,Synthetic rule-based vote; not a real participant response.
SYN007,Essentials-first,05,"Electric bill, $48",monthly,NEED,Synthetic rule-based vote; not a real participant response.
SYN008,Essentials-first,05,"Electric bill, $48",monthly,NEED,Synthetic rule-based vote; not a real participant response.
SYN009,Essentials-first,05,"Electric bill, $48",monthly,NEED,Synthetic rule-based vote; not a real participant response.
SYN010,Essentials-first,05,"Electric bill, $48",monthly,NEED,Synthetic rule-based vote; not a real participant response.
SYN011,Budget-guarding,05,"Electric bill, $48",monthly,NEED,Synthetic rule-based vote; not a real participant response.
SYN012,Budget-guarding,05,"Electric bill, $48",monthly,NEED,Synthetic rule-based vote; not a real participant response.
SYN013,Budget-guarding,05,"Electric bill, $48",monthly,NEED,Synthetic rule-based vote; not a real participant response.
SYN014,Budget-guarding,05,"Electric bill, $48",monthly,NEED,Synthetic rule-based vote; not a real participant response.
SYN015,Budget-guarding,05,"Electric bill, $48",monthly,NEED,Synthetic rule-based vote; not a real participant response.
SYN016,Budget-guarding,05,"Electric bill, $48",monthly,NEED,Synthetic rule-based vote; not a real participant response.
SYN017,Budget-guarding,05,"Electric bill, $48",monthly,NEED,Synthetic rule-based vote; not a real participant response.
SYN018,Budget-guarding,05,"Electric bill, $48",monthly,NEED,Synthetic rule-based vote; not a real participant response.
SYN019,Budget-guarding,05,"Electric bill, $48",monthly,NEED,Synthetic rule-based vote; not a real participant response.
SYN020,Budget-guarding,05,"Electric bill, $48",monthly,NEED,Synthetic rule-based vote; not a real participant response.
SYN021,Context-first,05,"Electric bill, $48",monthly,NEED,Synthetic rule-based vote; not a real participant response.
SYN022,Context-first,05,"Electric bill, $48",monthly,NEED,Synthetic rule-based vote; not a real participant response.
SYN023,Context-first,05,"Electric bill, $48",monthly,NEED,Synthetic rule-based vote; not a real participant response.
SYN024,Context-first,05,"Electric bill, $48",monthly,NEED,Synthetic rule-based vote; not a real participant response.
SYN025,Context-first,05,"Electric bill, $48",monthly,NEED,Synthetic rule-based vote; not a real participant response.
SYN026,Context-first,05,"Electric bill, $48",monthly,NEED,Synthetic rule-based vote; not a real participant response.
SYN027,Context-first,05,"Electric bill, $48",monthly,NEED,Synthetic rule-based vote; not a real participant response.
SYN028,Context-first,05,"Electric bill, $48",monthly,NEED,Synthetic rule-based vote; not a real participant response.
SYN029,Context-first,05,"Electric bill, $48",monthly,NEED,Synthetic rule-based vote; not a real participant response.
SYN030,Context-first,05,"Electric bill, $48",monthly,NEED,Synthetic rule-based vote; not a real participant response.
SYN031,Family-care priority,05,"Electric bill, $48",monthly,NEED,Synthetic rule-based vote; not a real participant response.
SYN032,Family-care priority,05,"Electric bill, $48",monthly,NEED,Synthetic rule-based vote; not a real participant response.
SYN033,Family-care priority,05,"Electric bill, $48",monthly,NEED,Synthetic rule-based vote; not a real participant response.
SYN034,Family-care priority,05,"Electric bill, $48",monthly,NEED,Synthetic rule-based vote; not a real participant response.
SYN035,Family-care priority,05,"Electric bill, $48",monthly,NEED,Synthetic rule-based vote; not a real participant response.
SYN036,Family-care priority,05,"Electric bill, $48",monthly,NEED,Synthetic rule-based vote; not a real participant response.
SYN037,Family-care priority,05,"Electric bill, $48",monthly,NEED,Synthetic rule-based vote; not a real participant response.
SYN038,Family-care priority,05,"Electric bill, $48",monthly,NEED,Synthetic rule-based vote; not a real participant response.
SYN039,Family-care priority,05,"Electric bill, $48",monthly,NEED,Synthetic rule-based vote; not a real participant response.
SYN040,Family-care priority,05,"Electric bill, $48",monthly,NEED,Synthetic rule-based vote; not a real participant response.
SYN041,Wellbeing-balanced,05,"Electric bill, $48",monthly,NEED,Synthetic rule-based vote; not a real participant response.
SYN042,Wellbeing-balanced,05,"Electric bill, $48",monthly,NEED,Synthetic rule-based vote; not a real participant response.
SYN043,Wellbeing-balanced,05,"Electric bill, $48",monthly,NEED,Synthetic rule-based vote; not a real participant response.
SYN044,Wellbeing-balanced,05,"Electric bill, $48",monthly,NEED,Synthetic rule-based vote; not a real participant response.
SYN045,Wellbeing-balanced,05,"Electric bill, $48",monthly,NEED,Synthetic rule-based vote; not a real participant response.
SYN046,Wellbeing-balanced,05,"Electric bill, $48",monthly,NEED,Synthetic rule-based vote; not a real participant response.
SYN047,Wellbeing-balanced,05,"Electric bill, $48",monthly,NEED,Synthetic rule-based vote; not a real participant response.
SYN048,Wellbeing-balanced,05,"Electric bill, $48",monthly,NEED,Synthetic rule-based vote; not a real participant response.
SYN049,Wellbeing-balanced,05,"Electric bill, $48",monthly,NEED,Synthetic rule-based vote; not a real participant response.
SYN050,Wellbeing-balanced,05,"Electric bill, $48",monthly,NEED,Synthetic rule-based vote; not a real participant response.
SYN001,Essentials-first,06,"Phone bill, $45",monthly plan,NEED,Synthetic rule-based vote; not a real participant response.
SYN002,Essentials-first,06,"Phone bill, $45",monthly plan,NEED,Synthetic rule-based vote; not a real participant response.
SYN003,Essentials-first,06,"Phone bill, $45",monthly plan,NEED,Synthetic rule-based vote; not a real participant response.
SYN004,Essentials-first,06,"Phone bill, $45",monthly plan,NEED,Synthetic rule-based vote; not a real participant response.
SYN005,Essentials-first,06,"Phone bill, $45",monthly plan,NEED,Synthetic rule-based vote; not a real participant response.
SYN006,Essentials-first,06,"Phone bill, $45",monthly plan,NEED,Synthetic rule-based vote; not a real participant response.
SYN007,Essentials-first,06,"Phone bill, $45",monthly plan,NEED,Synthetic rule-based vote; not a real participant response.
SYN008,Essentials-first,06,"Phone bill, $45",monthly plan,NEED,Synthetic rule-based vote; not a real participant response.
SYN009,Essentials-first,06,"Phone bill, $45",monthly plan,NEED,Synthetic rule-based vote; not a real participant response.
SYN010,Essentials-first,06,"Phone bill, $45",monthly plan,NEED,Synthetic rule-based vote; not a real participant response.
SYN011,Budget-guarding,06,"Phone bill, $45",monthly plan,NEED,Synthetic rule-based vote; not a real participant response.
SYN012,Budget-guarding,06,"Phone bill, $45",monthly plan,NEED,Synthetic rule-based vote; not a real participant response.
SYN013,Budget-guarding,06,"Phone bill, $45",monthly plan,NEED,Synthetic rule-based vote; not a real participant response.
SYN014,Budget-guarding,06,"Phone bill, $45",monthly plan,NEED,Synthetic rule-based vote; not a real participant response.
SYN015,Budget-guarding,06,"Phone bill, $45",monthly plan,DEPENDS,Synthetic rule-based vote; not a real participant response.
SYN016,Budget-guarding,06,"Phone bill, $45",monthly plan,DEPENDS,Synthetic rule-based vote; not a real participant response.
SYN017,Budget-guarding,06,"Phone bill, $45",monthly plan,DEPENDS,Synthetic rule-based vote; not a real participant response.
SYN018,Budget-guarding,06,"Phone bill, $45",monthly plan,DEPENDS,Synthetic rule-based vote; not a real participant response.
SYN019,Budget-guarding,06,"Phone bill, $45",monthly plan,DEPENDS,Synthetic rule-based vote; not a real participant response.
SYN020,Budget-guarding,06,"Phone bill, $45",monthly plan,DEPENDS,Synthetic rule-based vote; not a real participant response.
SYN021,Context-first,06,"Phone bill, $45",monthly plan,NEED,Synthetic rule-based vote; not a real participant response.
SYN022,Context-first,06,"Phone bill, $45",monthly plan,NEED,Synthetic rule-based vote; not a real participant response.
SYN023,Context-first,06,"Phone bill, $45",monthly plan,NEED,Synthetic rule-based vote; not a real participant response.
SYN024,Context-first,06,"Phone bill, $45",monthly plan,NEED,Synthetic rule-based vote; not a real participant response.
SYN025,Context-first,06,"Phone bill, $45",monthly plan,NEED,Synthetic rule-based vote; not a real participant response.
SYN026,Context-first,06,"Phone bill, $45",monthly plan,NEED,Synthetic rule-based vote; not a real participant response.
SYN027,Context-first,06,"Phone bill, $45",monthly plan,NEED,Synthetic rule-based vote; not a real participant response.
SYN028,Context-first,06,"Phone bill, $45",monthly plan,NEED,Synthetic rule-based vote; not a real participant response.
SYN029,Context-first,06,"Phone bill, $45",monthly plan,NEED,Synthetic rule-based vote; not a real participant response.
SYN030,Context-first,06,"Phone bill, $45",monthly plan,NEED,Synthetic rule-based vote; not a real participant response.
SYN031,Family-care priority,06,"Phone bill, $45",monthly plan,NEED,Synthetic rule-based vote; not a real participant response.
SYN032,Family-care priority,06,"Phone bill, $45",monthly plan,NEED,Synthetic rule-based vote; not a real participant response.
SYN033,Family-care priority,06,"Phone bill, $45",monthly plan,NEED,Synthetic rule-based vote; not a real participant response.
SYN034,Family-care priority,06,"Phone bill, $45",monthly plan,NEED,Synthetic rule-based vote; not a real participant response.
SYN035,Family-care priority,06,"Phone bill, $45",monthly plan,NEED,Synthetic rule-based vote; not a real participant response.
SYN036,Family-care priority,06,"Phone bill, $45",monthly plan,NEED,Synthetic rule-based vote; not a real participant response.
SYN037,Family-care priority,06,"Phone bill, $45",monthly plan,NEED,Synthetic rule-based vote; not a real participant response.
SYN038,Family-care priority,06,"Phone bill, $45",monthly plan,NEED,Synthetic rule-based vote; not a real participant response.
SYN039,Family-care priority,06,"Phone bill, $45",monthly plan,NEED,Synthetic rule-based vote; not a real participant response.
SYN040,Family-care priority,06,"Phone bill, $45",monthly plan,NEED,Synthetic rule-based vote; not a real participant response.
SYN041,Wellbeing-balanced,06,"Phone bill, $45",monthly plan,NEED,Synthetic rule-based vote; not a real participant response.
SYN042,Wellbeing-balanced,06,"Phone bill, $45",monthly plan,NEED,Synthetic rule-based vote; not a real participant response.
SYN043,Wellbeing-balanced,06,"Phone bill, $45",monthly plan,NEED,Synthetic rule-based vote; not a real participant response.
SYN044,Wellbeing-balanced,06,"Phone bill, $45",monthly plan,NEED,Synthetic rule-based vote; not a real participant response.
SYN045,Wellbeing-balanced,06,"Phone bill, $45",monthly plan,NEED,Synthetic rule-based vote; not a real participant response.
SYN046,Wellbeing-balanced,06,"Phone bill, $45",monthly plan,NEED,Synthetic rule-based vote; not a real participant response.
SYN047,Wellbeing-balanced,06,"Phone bill, $45",monthly plan,NEED,Synthetic rule-based vote; not a real participant response.
SYN048,Wellbeing-balanced,06,"Phone bill, $45",monthly plan,NEED,Synthetic rule-based vote; not a real participant response.
SYN049,Wellbeing-balanced,06,"Phone bill, $45",monthly plan,NEED,Synthetic rule-based vote; not a real participant response.
SYN050,Wellbeing-balanced,06,"Phone bill, $45",monthly plan,NEED,Synthetic rule-based vote; not a real participant response.
SYN001,Essentials-first,07,"Required textbook, $89, campus bookstore","on the syllabus, no used copy left",NEED,Synthetic rule-based vote; not a real participant response.
SYN002,Essentials-first,07,"Required textbook, $89, campus bookstore","on the syllabus, no used copy left",NEED,Synthetic rule-based vote; not a real participant response.
SYN003,Essentials-first,07,"Required textbook, $89, campus bookstore","on the syllabus, no used copy left",NEED,Synthetic rule-based vote; not a real participant response.
SYN004,Essentials-first,07,"Required textbook, $89, campus bookstore","on the syllabus, no used copy left",NEED,Synthetic rule-based vote; not a real participant response.
SYN005,Essentials-first,07,"Required textbook, $89, campus bookstore","on the syllabus, no used copy left",NEED,Synthetic rule-based vote; not a real participant response.
SYN006,Essentials-first,07,"Required textbook, $89, campus bookstore","on the syllabus, no used copy left",NEED,Synthetic rule-based vote; not a real participant response.
SYN007,Essentials-first,07,"Required textbook, $89, campus bookstore","on the syllabus, no used copy left",NEED,Synthetic rule-based vote; not a real participant response.
SYN008,Essentials-first,07,"Required textbook, $89, campus bookstore","on the syllabus, no used copy left",NEED,Synthetic rule-based vote; not a real participant response.
SYN009,Essentials-first,07,"Required textbook, $89, campus bookstore","on the syllabus, no used copy left",NEED,Synthetic rule-based vote; not a real participant response.
SYN010,Essentials-first,07,"Required textbook, $89, campus bookstore","on the syllabus, no used copy left",NEED,Synthetic rule-based vote; not a real participant response.
SYN011,Budget-guarding,07,"Required textbook, $89, campus bookstore","on the syllabus, no used copy left",NEED,Synthetic rule-based vote; not a real participant response.
SYN012,Budget-guarding,07,"Required textbook, $89, campus bookstore","on the syllabus, no used copy left",NEED,Synthetic rule-based vote; not a real participant response.
SYN013,Budget-guarding,07,"Required textbook, $89, campus bookstore","on the syllabus, no used copy left",NEED,Synthetic rule-based vote; not a real participant response.
SYN014,Budget-guarding,07,"Required textbook, $89, campus bookstore","on the syllabus, no used copy left",NEED,Synthetic rule-based vote; not a real participant response.
SYN015,Budget-guarding,07,"Required textbook, $89, campus bookstore","on the syllabus, no used copy left",NEED,Synthetic rule-based vote; not a real participant response.
SYN016,Budget-guarding,07,"Required textbook, $89, campus bookstore","on the syllabus, no used copy left",NEED,Synthetic rule-based vote; not a real participant response.
SYN017,Budget-guarding,07,"Required textbook, $89, campus bookstore","on the syllabus, no used copy left",NEED,Synthetic rule-based vote; not a real participant response.
SYN018,Budget-guarding,07,"Required textbook, $89, campus bookstore","on the syllabus, no used copy left",NEED,Synthetic rule-based vote; not a real participant response.
SYN019,Budget-guarding,07,"Required textbook, $89, campus bookstore","on the syllabus, no used copy left",NEED,Synthetic rule-based vote; not a real participant response.
SYN020,Budget-guarding,07,"Required textbook, $89, campus bookstore","on the syllabus, no used copy left",NEED,Synthetic rule-based vote; not a real participant response.
SYN021,Context-first,07,"Required textbook, $89, campus bookstore","on the syllabus, no used copy left",NEED,Synthetic rule-based vote; not a real participant response.
SYN022,Context-first,07,"Required textbook, $89, campus bookstore","on the syllabus, no used copy left",NEED,Synthetic rule-based vote; not a real participant response.
SYN023,Context-first,07,"Required textbook, $89, campus bookstore","on the syllabus, no used copy left",NEED,Synthetic rule-based vote; not a real participant response.
SYN024,Context-first,07,"Required textbook, $89, campus bookstore","on the syllabus, no used copy left",NEED,Synthetic rule-based vote; not a real participant response.
SYN025,Context-first,07,"Required textbook, $89, campus bookstore","on the syllabus, no used copy left",NEED,Synthetic rule-based vote; not a real participant response.
SYN026,Context-first,07,"Required textbook, $89, campus bookstore","on the syllabus, no used copy left",NEED,Synthetic rule-based vote; not a real participant response.
SYN027,Context-first,07,"Required textbook, $89, campus bookstore","on the syllabus, no used copy left",NEED,Synthetic rule-based vote; not a real participant response.
SYN028,Context-first,07,"Required textbook, $89, campus bookstore","on the syllabus, no used copy left",NEED,Synthetic rule-based vote; not a real participant response.
SYN029,Context-first,07,"Required textbook, $89, campus bookstore","on the syllabus, no used copy left",NEED,Synthetic rule-based vote; not a real participant response.
SYN030,Context-first,07,"Required textbook, $89, campus bookstore","on the syllabus, no used copy left",NEED,Synthetic rule-based vote; not a real participant response.
SYN031,Family-care priority,07,"Required textbook, $89, campus bookstore","on the syllabus, no used copy left",NEED,Synthetic rule-based vote; not a real participant response.
SYN032,Family-care priority,07,"Required textbook, $89, campus bookstore","on the syllabus, no used copy left",NEED,Synthetic rule-based vote; not a real participant response.
SYN033,Family-care priority,07,"Required textbook, $89, campus bookstore","on the syllabus, no used copy left",NEED,Synthetic rule-based vote; not a real participant response.
SYN034,Family-care priority,07,"Required textbook, $89, campus bookstore","on the syllabus, no used copy left",NEED,Synthetic rule-based vote; not a real participant response.
SYN035,Family-care priority,07,"Required textbook, $89, campus bookstore","on the syllabus, no used copy left",NEED,Synthetic rule-based vote; not a real participant response.
SYN036,Family-care priority,07,"Required textbook, $89, campus bookstore","on the syllabus, no used copy left",NEED,Synthetic rule-based vote; not a real participant response.
SYN037,Family-care priority,07,"Required textbook, $89, campus bookstore","on the syllabus, no used copy left",NEED,Synthetic rule-based vote; not a real participant response.
SYN038,Family-care priority,07,"Required textbook, $89, campus bookstore","on the syllabus, no used copy left",NEED,Synthetic rule-based vote; not a real participant response.
SYN039,Family-care priority,07,"Required textbook, $89, campus bookstore","on the syllabus, no used copy left",NEED,Synthetic rule-based vote; not a real participant response.
SYN040,Family-care priority,07,"Required textbook, $89, campus bookstore","on the syllabus, no used copy left",NEED,Synthetic rule-based vote; not a real participant response.
SYN041,Wellbeing-balanced,07,"Required textbook, $89, campus bookstore","on the syllabus, no used copy left",NEED,Synthetic rule-based vote; not a real participant response.
SYN042,Wellbeing-balanced,07,"Required textbook, $89, campus bookstore","on the syllabus, no used copy left",NEED,Synthetic rule-based vote; not a real participant response.
SYN043,Wellbeing-balanced,07,"Required textbook, $89, campus bookstore","on the syllabus, no used copy left",NEED,Synthetic rule-based vote; not a real participant response.
SYN044,Wellbeing-balanced,07,"Required textbook, $89, campus bookstore","on the syllabus, no used copy left",NEED,Synthetic rule-based vote; not a real participant response.
SYN045,Wellbeing-balanced,07,"Required textbook, $89, campus bookstore","on the syllabus, no used copy left",NEED,Synthetic rule-based vote; not a real participant response.
SYN046,Wellbeing-balanced,07,"Required textbook, $89, campus bookstore","on the syllabus, no used copy left",NEED,Synthetic rule-based vote; not a real participant response.
SYN047,Wellbeing-balanced,07,"Required textbook, $89, campus bookstore","on the syllabus, no used copy left",NEED,Synthetic rule-based vote; not a real participant response.
SYN048,Wellbeing-balanced,07,"Required textbook, $89, campus bookstore","on the syllabus, no used copy left",NEED,Synthetic rule-based vote; not a real participant response.
SYN049,Wellbeing-balanced,07,"Required textbook, $89, campus bookstore","on the syllabus, no used copy left",NEED,Synthetic rule-based vote; not a real participant response.
SYN050,Wellbeing-balanced,07,"Required textbook, $89, campus bookstore","on the syllabus, no used copy left",NEED,Synthetic rule-based vote; not a real participant response.
SYN001,Essentials-first,08,"Monthly bus pass, $30",only way to class,NEED,Synthetic rule-based vote; not a real participant response.
SYN002,Essentials-first,08,"Monthly bus pass, $30",only way to class,NEED,Synthetic rule-based vote; not a real participant response.
SYN003,Essentials-first,08,"Monthly bus pass, $30",only way to class,NEED,Synthetic rule-based vote; not a real participant response.
SYN004,Essentials-first,08,"Monthly bus pass, $30",only way to class,NEED,Synthetic rule-based vote; not a real participant response.
SYN005,Essentials-first,08,"Monthly bus pass, $30",only way to class,NEED,Synthetic rule-based vote; not a real participant response.
SYN006,Essentials-first,08,"Monthly bus pass, $30",only way to class,NEED,Synthetic rule-based vote; not a real participant response.
SYN007,Essentials-first,08,"Monthly bus pass, $30",only way to class,NEED,Synthetic rule-based vote; not a real participant response.
SYN008,Essentials-first,08,"Monthly bus pass, $30",only way to class,NEED,Synthetic rule-based vote; not a real participant response.
SYN009,Essentials-first,08,"Monthly bus pass, $30",only way to class,NEED,Synthetic rule-based vote; not a real participant response.
SYN010,Essentials-first,08,"Monthly bus pass, $30",only way to class,NEED,Synthetic rule-based vote; not a real participant response.
SYN011,Budget-guarding,08,"Monthly bus pass, $30",only way to class,NEED,Synthetic rule-based vote; not a real participant response.
SYN012,Budget-guarding,08,"Monthly bus pass, $30",only way to class,NEED,Synthetic rule-based vote; not a real participant response.
SYN013,Budget-guarding,08,"Monthly bus pass, $30",only way to class,NEED,Synthetic rule-based vote; not a real participant response.
SYN014,Budget-guarding,08,"Monthly bus pass, $30",only way to class,NEED,Synthetic rule-based vote; not a real participant response.
SYN015,Budget-guarding,08,"Monthly bus pass, $30",only way to class,NEED,Synthetic rule-based vote; not a real participant response.
SYN016,Budget-guarding,08,"Monthly bus pass, $30",only way to class,NEED,Synthetic rule-based vote; not a real participant response.
SYN017,Budget-guarding,08,"Monthly bus pass, $30",only way to class,NEED,Synthetic rule-based vote; not a real participant response.
SYN018,Budget-guarding,08,"Monthly bus pass, $30",only way to class,NEED,Synthetic rule-based vote; not a real participant response.
SYN019,Budget-guarding,08,"Monthly bus pass, $30",only way to class,NEED,Synthetic rule-based vote; not a real participant response.
SYN020,Budget-guarding,08,"Monthly bus pass, $30",only way to class,NEED,Synthetic rule-based vote; not a real participant response.
SYN021,Context-first,08,"Monthly bus pass, $30",only way to class,NEED,Synthetic rule-based vote; not a real participant response.
SYN022,Context-first,08,"Monthly bus pass, $30",only way to class,NEED,Synthetic rule-based vote; not a real participant response.
SYN023,Context-first,08,"Monthly bus pass, $30",only way to class,NEED,Synthetic rule-based vote; not a real participant response.
SYN024,Context-first,08,"Monthly bus pass, $30",only way to class,NEED,Synthetic rule-based vote; not a real participant response.
SYN025,Context-first,08,"Monthly bus pass, $30",only way to class,NEED,Synthetic rule-based vote; not a real participant response.
SYN026,Context-first,08,"Monthly bus pass, $30",only way to class,NEED,Synthetic rule-based vote; not a real participant response.
SYN027,Context-first,08,"Monthly bus pass, $30",only way to class,NEED,Synthetic rule-based vote; not a real participant response.
SYN028,Context-first,08,"Monthly bus pass, $30",only way to class,NEED,Synthetic rule-based vote; not a real participant response.
SYN029,Context-first,08,"Monthly bus pass, $30",only way to class,NEED,Synthetic rule-based vote; not a real participant response.
SYN030,Context-first,08,"Monthly bus pass, $30",only way to class,NEED,Synthetic rule-based vote; not a real participant response.
SYN031,Family-care priority,08,"Monthly bus pass, $30",only way to class,NEED,Synthetic rule-based vote; not a real participant response.
SYN032,Family-care priority,08,"Monthly bus pass, $30",only way to class,NEED,Synthetic rule-based vote; not a real participant response.
SYN033,Family-care priority,08,"Monthly bus pass, $30",only way to class,NEED,Synthetic rule-based vote; not a real participant response.
SYN034,Family-care priority,08,"Monthly bus pass, $30",only way to class,NEED,Synthetic rule-based vote; not a real participant response.
SYN035,Family-care priority,08,"Monthly bus pass, $30",only way to class,NEED,Synthetic rule-based vote; not a real participant response.
SYN036,Family-care priority,08,"Monthly bus pass, $30",only way to class,NEED,Synthetic rule-based vote; not a real participant response.
SYN037,Family-care priority,08,"Monthly bus pass, $30",only way to class,NEED,Synthetic rule-based vote; not a real participant response.
SYN038,Family-care priority,08,"Monthly bus pass, $30",only way to class,NEED,Synthetic rule-based vote; not a real participant response.
SYN039,Family-care priority,08,"Monthly bus pass, $30",only way to class,NEED,Synthetic rule-based vote; not a real participant response.
SYN040,Family-care priority,08,"Monthly bus pass, $30",only way to class,NEED,Synthetic rule-based vote; not a real participant response.
SYN041,Wellbeing-balanced,08,"Monthly bus pass, $30",only way to class,NEED,Synthetic rule-based vote; not a real participant response.
SYN042,Wellbeing-balanced,08,"Monthly bus pass, $30",only way to class,NEED,Synthetic rule-based vote; not a real participant response.
SYN043,Wellbeing-balanced,08,"Monthly bus pass, $30",only way to class,NEED,Synthetic rule-based vote; not a real participant response.
SYN044,Wellbeing-balanced,08,"Monthly bus pass, $30",only way to class,NEED,Synthetic rule-based vote; not a real participant response.
SYN045,Wellbeing-balanced,08,"Monthly bus pass, $30",only way to class,NEED,Synthetic rule-based vote; not a real participant response.
SYN046,Wellbeing-balanced,08,"Monthly bus pass, $30",only way to class,NEED,Synthetic rule-based vote; not a real participant response.
SYN047,Wellbeing-balanced,08,"Monthly bus pass, $30",only way to class,NEED,Synthetic rule-based vote; not a real participant response.
SYN048,Wellbeing-balanced,08,"Monthly bus pass, $30",only way to class,NEED,Synthetic rule-based vote; not a real participant response.
SYN049,Wellbeing-balanced,08,"Monthly bus pass, $30",only way to class,NEED,Synthetic rule-based vote; not a real participant response.
SYN050,Wellbeing-balanced,08,"Monthly bus pass, $30",only way to class,NEED,Synthetic rule-based vote; not a real participant response.
SYN001,Essentials-first,09,"Prescription refill, $12, pharmacy",monthly,NEED,Synthetic rule-based vote; not a real participant response.
SYN002,Essentials-first,09,"Prescription refill, $12, pharmacy",monthly,NEED,Synthetic rule-based vote; not a real participant response.
SYN003,Essentials-first,09,"Prescription refill, $12, pharmacy",monthly,NEED,Synthetic rule-based vote; not a real participant response.
SYN004,Essentials-first,09,"Prescription refill, $12, pharmacy",monthly,NEED,Synthetic rule-based vote; not a real participant response.
SYN005,Essentials-first,09,"Prescription refill, $12, pharmacy",monthly,NEED,Synthetic rule-based vote; not a real participant response.
SYN006,Essentials-first,09,"Prescription refill, $12, pharmacy",monthly,NEED,Synthetic rule-based vote; not a real participant response.
SYN007,Essentials-first,09,"Prescription refill, $12, pharmacy",monthly,NEED,Synthetic rule-based vote; not a real participant response.
SYN008,Essentials-first,09,"Prescription refill, $12, pharmacy",monthly,NEED,Synthetic rule-based vote; not a real participant response.
SYN009,Essentials-first,09,"Prescription refill, $12, pharmacy",monthly,NEED,Synthetic rule-based vote; not a real participant response.
SYN010,Essentials-first,09,"Prescription refill, $12, pharmacy",monthly,NEED,Synthetic rule-based vote; not a real participant response.
SYN011,Budget-guarding,09,"Prescription refill, $12, pharmacy",monthly,NEED,Synthetic rule-based vote; not a real participant response.
SYN012,Budget-guarding,09,"Prescription refill, $12, pharmacy",monthly,NEED,Synthetic rule-based vote; not a real participant response.
SYN013,Budget-guarding,09,"Prescription refill, $12, pharmacy",monthly,NEED,Synthetic rule-based vote; not a real participant response.
SYN014,Budget-guarding,09,"Prescription refill, $12, pharmacy",monthly,NEED,Synthetic rule-based vote; not a real participant response.
SYN015,Budget-guarding,09,"Prescription refill, $12, pharmacy",monthly,NEED,Synthetic rule-based vote; not a real participant response.
SYN016,Budget-guarding,09,"Prescription refill, $12, pharmacy",monthly,NEED,Synthetic rule-based vote; not a real participant response.
SYN017,Budget-guarding,09,"Prescription refill, $12, pharmacy",monthly,NEED,Synthetic rule-based vote; not a real participant response.
SYN018,Budget-guarding,09,"Prescription refill, $12, pharmacy",monthly,NEED,Synthetic rule-based vote; not a real participant response.
SYN019,Budget-guarding,09,"Prescription refill, $12, pharmacy",monthly,NEED,Synthetic rule-based vote; not a real participant response.
SYN020,Budget-guarding,09,"Prescription refill, $12, pharmacy",monthly,NEED,Synthetic rule-based vote; not a real participant response.
SYN021,Context-first,09,"Prescription refill, $12, pharmacy",monthly,NEED,Synthetic rule-based vote; not a real participant response.
SYN022,Context-first,09,"Prescription refill, $12, pharmacy",monthly,NEED,Synthetic rule-based vote; not a real participant response.
SYN023,Context-first,09,"Prescription refill, $12, pharmacy",monthly,NEED,Synthetic rule-based vote; not a real participant response.
SYN024,Context-first,09,"Prescription refill, $12, pharmacy",monthly,NEED,Synthetic rule-based vote; not a real participant response.
SYN025,Context-first,09,"Prescription refill, $12, pharmacy",monthly,NEED,Synthetic rule-based vote; not a real participant response.
SYN026,Context-first,09,"Prescription refill, $12, pharmacy",monthly,NEED,Synthetic rule-based vote; not a real participant response.
SYN027,Context-first,09,"Prescription refill, $12, pharmacy",monthly,NEED,Synthetic rule-based vote; not a real participant response.
SYN028,Context-first,09,"Prescription refill, $12, pharmacy",monthly,NEED,Synthetic rule-based vote; not a real participant response.
SYN029,Context-first,09,"Prescription refill, $12, pharmacy",monthly,NEED,Synthetic rule-based vote; not a real participant response.
SYN030,Context-first,09,"Prescription refill, $12, pharmacy",monthly,NEED,Synthetic rule-based vote; not a real participant response.
SYN031,Family-care priority,09,"Prescription refill, $12, pharmacy",monthly,NEED,Synthetic rule-based vote; not a real participant response.
SYN032,Family-care priority,09,"Prescription refill, $12, pharmacy",monthly,NEED,Synthetic rule-based vote; not a real participant response.
SYN033,Family-care priority,09,"Prescription refill, $12, pharmacy",monthly,NEED,Synthetic rule-based vote; not a real participant response.
SYN034,Family-care priority,09,"Prescription refill, $12, pharmacy",monthly,NEED,Synthetic rule-based vote; not a real participant response.
SYN035,Family-care priority,09,"Prescription refill, $12, pharmacy",monthly,NEED,Synthetic rule-based vote; not a real participant response.
SYN036,Family-care priority,09,"Prescription refill, $12, pharmacy",monthly,NEED,Synthetic rule-based vote; not a real participant response.
SYN037,Family-care priority,09,"Prescription refill, $12, pharmacy",monthly,NEED,Synthetic rule-based vote; not a real participant response.
SYN038,Family-care priority,09,"Prescription refill, $12, pharmacy",monthly,NEED,Synthetic rule-based vote; not a real participant response.
SYN039,Family-care priority,09,"Prescription refill, $12, pharmacy",monthly,NEED,Synthetic rule-based vote; not a real participant response.
SYN040,Family-care priority,09,"Prescription refill, $12, pharmacy",monthly,NEED,Synthetic rule-based vote; not a real participant response.
SYN041,Wellbeing-balanced,09,"Prescription refill, $12, pharmacy",monthly,NEED,Synthetic rule-based vote; not a real participant response.
SYN042,Wellbeing-balanced,09,"Prescription refill, $12, pharmacy",monthly,NEED,Synthetic rule-based vote; not a real participant response.
SYN043,Wellbeing-balanced,09,"Prescription refill, $12, pharmacy",monthly,NEED,Synthetic rule-based vote; not a real participant response.
SYN044,Wellbeing-balanced,09,"Prescription refill, $12, pharmacy",monthly,NEED,Synthetic rule-based vote; not a real participant response.
SYN045,Wellbeing-balanced,09,"Prescription refill, $12, pharmacy",monthly,NEED,Synthetic rule-based vote; not a real participant response.
SYN046,Wellbeing-balanced,09,"Prescription refill, $12, pharmacy",monthly,NEED,Synthetic rule-based vote; not a real participant response.
SYN047,Wellbeing-balanced,09,"Prescription refill, $12, pharmacy",monthly,NEED,Synthetic rule-based vote; not a real participant response.
SYN048,Wellbeing-balanced,09,"Prescription refill, $12, pharmacy",monthly,NEED,Synthetic rule-based vote; not a real participant response.
SYN049,Wellbeing-balanced,09,"Prescription refill, $12, pharmacy",monthly,NEED,Synthetic rule-based vote; not a real participant response.
SYN050,Wellbeing-balanced,09,"Prescription refill, $12, pharmacy",monthly,NEED,Synthetic rule-based vote; not a real participant response.
SYN001,Essentials-first,10,"Eggs, milk, bread, $14, Kroger",weekly groceries,NEED,Synthetic rule-based vote; not a real participant response.
SYN002,Essentials-first,10,"Eggs, milk, bread, $14, Kroger",weekly groceries,NEED,Synthetic rule-based vote; not a real participant response.
SYN003,Essentials-first,10,"Eggs, milk, bread, $14, Kroger",weekly groceries,NEED,Synthetic rule-based vote; not a real participant response.
SYN004,Essentials-first,10,"Eggs, milk, bread, $14, Kroger",weekly groceries,NEED,Synthetic rule-based vote; not a real participant response.
SYN005,Essentials-first,10,"Eggs, milk, bread, $14, Kroger",weekly groceries,NEED,Synthetic rule-based vote; not a real participant response.
SYN006,Essentials-first,10,"Eggs, milk, bread, $14, Kroger",weekly groceries,NEED,Synthetic rule-based vote; not a real participant response.
SYN007,Essentials-first,10,"Eggs, milk, bread, $14, Kroger",weekly groceries,NEED,Synthetic rule-based vote; not a real participant response.
SYN008,Essentials-first,10,"Eggs, milk, bread, $14, Kroger",weekly groceries,NEED,Synthetic rule-based vote; not a real participant response.
SYN009,Essentials-first,10,"Eggs, milk, bread, $14, Kroger",weekly groceries,NEED,Synthetic rule-based vote; not a real participant response.
SYN010,Essentials-first,10,"Eggs, milk, bread, $14, Kroger",weekly groceries,NEED,Synthetic rule-based vote; not a real participant response.
SYN011,Budget-guarding,10,"Eggs, milk, bread, $14, Kroger",weekly groceries,NEED,Synthetic rule-based vote; not a real participant response.
SYN012,Budget-guarding,10,"Eggs, milk, bread, $14, Kroger",weekly groceries,NEED,Synthetic rule-based vote; not a real participant response.
SYN013,Budget-guarding,10,"Eggs, milk, bread, $14, Kroger",weekly groceries,NEED,Synthetic rule-based vote; not a real participant response.
SYN014,Budget-guarding,10,"Eggs, milk, bread, $14, Kroger",weekly groceries,NEED,Synthetic rule-based vote; not a real participant response.
SYN015,Budget-guarding,10,"Eggs, milk, bread, $14, Kroger",weekly groceries,NEED,Synthetic rule-based vote; not a real participant response.
SYN016,Budget-guarding,10,"Eggs, milk, bread, $14, Kroger",weekly groceries,NEED,Synthetic rule-based vote; not a real participant response.
SYN017,Budget-guarding,10,"Eggs, milk, bread, $14, Kroger",weekly groceries,NEED,Synthetic rule-based vote; not a real participant response.
SYN018,Budget-guarding,10,"Eggs, milk, bread, $14, Kroger",weekly groceries,NEED,Synthetic rule-based vote; not a real participant response.
SYN019,Budget-guarding,10,"Eggs, milk, bread, $14, Kroger",weekly groceries,NEED,Synthetic rule-based vote; not a real participant response.
SYN020,Budget-guarding,10,"Eggs, milk, bread, $14, Kroger",weekly groceries,NEED,Synthetic rule-based vote; not a real participant response.
SYN021,Context-first,10,"Eggs, milk, bread, $14, Kroger",weekly groceries,NEED,Synthetic rule-based vote; not a real participant response.
SYN022,Context-first,10,"Eggs, milk, bread, $14, Kroger",weekly groceries,NEED,Synthetic rule-based vote; not a real participant response.
SYN023,Context-first,10,"Eggs, milk, bread, $14, Kroger",weekly groceries,NEED,Synthetic rule-based vote; not a real participant response.
SYN024,Context-first,10,"Eggs, milk, bread, $14, Kroger",weekly groceries,NEED,Synthetic rule-based vote; not a real participant response.
SYN025,Context-first,10,"Eggs, milk, bread, $14, Kroger",weekly groceries,NEED,Synthetic rule-based vote; not a real participant response.
SYN026,Context-first,10,"Eggs, milk, bread, $14, Kroger",weekly groceries,NEED,Synthetic rule-based vote; not a real participant response.
SYN027,Context-first,10,"Eggs, milk, bread, $14, Kroger",weekly groceries,NEED,Synthetic rule-based vote; not a real participant response.
SYN028,Context-first,10,"Eggs, milk, bread, $14, Kroger",weekly groceries,NEED,Synthetic rule-based vote; not a real participant response.
SYN029,Context-first,10,"Eggs, milk, bread, $14, Kroger",weekly groceries,NEED,Synthetic rule-based vote; not a real participant response.
SYN030,Context-first,10,"Eggs, milk, bread, $14, Kroger",weekly groceries,NEED,Synthetic rule-based vote; not a real participant response.
SYN031,Family-care priority,10,"Eggs, milk, bread, $14, Kroger",weekly groceries,NEED,Synthetic rule-based vote; not a real participant response.
SYN032,Family-care priority,10,"Eggs, milk, bread, $14, Kroger",weekly groceries,NEED,Synthetic rule-based vote; not a real participant response.
SYN033,Family-care priority,10,"Eggs, milk, bread, $14, Kroger",weekly groceries,NEED,Synthetic rule-based vote; not a real participant response.
SYN034,Family-care priority,10,"Eggs, milk, bread, $14, Kroger",weekly groceries,NEED,Synthetic rule-based vote; not a real participant response.
SYN035,Family-care priority,10,"Eggs, milk, bread, $14, Kroger",weekly groceries,NEED,Synthetic rule-based vote; not a real participant response.
SYN036,Family-care priority,10,"Eggs, milk, bread, $14, Kroger",weekly groceries,NEED,Synthetic rule-based vote; not a real participant response.
SYN037,Family-care priority,10,"Eggs, milk, bread, $14, Kroger",weekly groceries,NEED,Synthetic rule-based vote; not a real participant response.
SYN038,Family-care priority,10,"Eggs, milk, bread, $14, Kroger",weekly groceries,NEED,Synthetic rule-based vote; not a real participant response.
SYN039,Family-care priority,10,"Eggs, milk, bread, $14, Kroger",weekly groceries,NEED,Synthetic rule-based vote; not a real participant response.
SYN040,Family-care priority,10,"Eggs, milk, bread, $14, Kroger",weekly groceries,NEED,Synthetic rule-based vote; not a real participant response.
SYN041,Wellbeing-balanced,10,"Eggs, milk, bread, $14, Kroger",weekly groceries,NEED,Synthetic rule-based vote; not a real participant response.
SYN042,Wellbeing-balanced,10,"Eggs, milk, bread, $14, Kroger",weekly groceries,NEED,Synthetic rule-based vote; not a real participant response.
SYN043,Wellbeing-balanced,10,"Eggs, milk, bread, $14, Kroger",weekly groceries,NEED,Synthetic rule-based vote; not a real participant response.
SYN044,Wellbeing-balanced,10,"Eggs, milk, bread, $14, Kroger",weekly groceries,NEED,Synthetic rule-based vote; not a real participant response.
SYN045,Wellbeing-balanced,10,"Eggs, milk, bread, $14, Kroger",weekly groceries,NEED,Synthetic rule-based vote; not a real participant response.
SYN046,Wellbeing-balanced,10,"Eggs, milk, bread, $14, Kroger",weekly groceries,NEED,Synthetic rule-based vote; not a real participant response.
SYN047,Wellbeing-balanced,10,"Eggs, milk, bread, $14, Kroger",weekly groceries,NEED,Synthetic rule-based vote; not a real participant response.
SYN048,Wellbeing-balanced,10,"Eggs, milk, bread, $14, Kroger",weekly groceries,NEED,Synthetic rule-based vote; not a real participant response.
SYN049,Wellbeing-balanced,10,"Eggs, milk, bread, $14, Kroger",weekly groceries,NEED,Synthetic rule-based vote; not a real participant response.
SYN050,Wellbeing-balanced,10,"Eggs, milk, bread, $14, Kroger",weekly groceries,NEED,Synthetic rule-based vote; not a real participant response.
SYN001,Essentials-first,11,"Laundry, $6, campus laundry",weekly,NEED,Synthetic rule-based vote; not a real participant response.
SYN002,Essentials-first,11,"Laundry, $6, campus laundry",weekly,NEED,Synthetic rule-based vote; not a real participant response.
SYN003,Essentials-first,11,"Laundry, $6, campus laundry",weekly,NEED,Synthetic rule-based vote; not a real participant response.
SYN004,Essentials-first,11,"Laundry, $6, campus laundry",weekly,NEED,Synthetic rule-based vote; not a real participant response.
SYN005,Essentials-first,11,"Laundry, $6, campus laundry",weekly,NEED,Synthetic rule-based vote; not a real participant response.
SYN006,Essentials-first,11,"Laundry, $6, campus laundry",weekly,NEED,Synthetic rule-based vote; not a real participant response.
SYN007,Essentials-first,11,"Laundry, $6, campus laundry",weekly,NEED,Synthetic rule-based vote; not a real participant response.
SYN008,Essentials-first,11,"Laundry, $6, campus laundry",weekly,NEED,Synthetic rule-based vote; not a real participant response.
SYN009,Essentials-first,11,"Laundry, $6, campus laundry",weekly,NEED,Synthetic rule-based vote; not a real participant response.
SYN010,Essentials-first,11,"Laundry, $6, campus laundry",weekly,NEED,Synthetic rule-based vote; not a real participant response.
SYN011,Budget-guarding,11,"Laundry, $6, campus laundry",weekly,NEED,Synthetic rule-based vote; not a real participant response.
SYN012,Budget-guarding,11,"Laundry, $6, campus laundry",weekly,NEED,Synthetic rule-based vote; not a real participant response.
SYN013,Budget-guarding,11,"Laundry, $6, campus laundry",weekly,NEED,Synthetic rule-based vote; not a real participant response.
SYN014,Budget-guarding,11,"Laundry, $6, campus laundry",weekly,NEED,Synthetic rule-based vote; not a real participant response.
SYN015,Budget-guarding,11,"Laundry, $6, campus laundry",weekly,DEPENDS,Synthetic rule-based vote; not a real participant response.
SYN016,Budget-guarding,11,"Laundry, $6, campus laundry",weekly,DEPENDS,Synthetic rule-based vote; not a real participant response.
SYN017,Budget-guarding,11,"Laundry, $6, campus laundry",weekly,DEPENDS,Synthetic rule-based vote; not a real participant response.
SYN018,Budget-guarding,11,"Laundry, $6, campus laundry",weekly,DEPENDS,Synthetic rule-based vote; not a real participant response.
SYN019,Budget-guarding,11,"Laundry, $6, campus laundry",weekly,DEPENDS,Synthetic rule-based vote; not a real participant response.
SYN020,Budget-guarding,11,"Laundry, $6, campus laundry",weekly,DEPENDS,Synthetic rule-based vote; not a real participant response.
SYN021,Context-first,11,"Laundry, $6, campus laundry",weekly,NEED,Synthetic rule-based vote; not a real participant response.
SYN022,Context-first,11,"Laundry, $6, campus laundry",weekly,NEED,Synthetic rule-based vote; not a real participant response.
SYN023,Context-first,11,"Laundry, $6, campus laundry",weekly,NEED,Synthetic rule-based vote; not a real participant response.
SYN024,Context-first,11,"Laundry, $6, campus laundry",weekly,NEED,Synthetic rule-based vote; not a real participant response.
SYN025,Context-first,11,"Laundry, $6, campus laundry",weekly,NEED,Synthetic rule-based vote; not a real participant response.
SYN026,Context-first,11,"Laundry, $6, campus laundry",weekly,NEED,Synthetic rule-based vote; not a real participant response.
SYN027,Context-first,11,"Laundry, $6, campus laundry",weekly,NEED,Synthetic rule-based vote; not a real participant response.
SYN028,Context-first,11,"Laundry, $6, campus laundry",weekly,NEED,Synthetic rule-based vote; not a real participant response.
SYN029,Context-first,11,"Laundry, $6, campus laundry",weekly,NEED,Synthetic rule-based vote; not a real participant response.
SYN030,Context-first,11,"Laundry, $6, campus laundry",weekly,NEED,Synthetic rule-based vote; not a real participant response.
SYN031,Family-care priority,11,"Laundry, $6, campus laundry",weekly,NEED,Synthetic rule-based vote; not a real participant response.
SYN032,Family-care priority,11,"Laundry, $6, campus laundry",weekly,NEED,Synthetic rule-based vote; not a real participant response.
SYN033,Family-care priority,11,"Laundry, $6, campus laundry",weekly,NEED,Synthetic rule-based vote; not a real participant response.
SYN034,Family-care priority,11,"Laundry, $6, campus laundry",weekly,NEED,Synthetic rule-based vote; not a real participant response.
SYN035,Family-care priority,11,"Laundry, $6, campus laundry",weekly,NEED,Synthetic rule-based vote; not a real participant response.
SYN036,Family-care priority,11,"Laundry, $6, campus laundry",weekly,NEED,Synthetic rule-based vote; not a real participant response.
SYN037,Family-care priority,11,"Laundry, $6, campus laundry",weekly,NEED,Synthetic rule-based vote; not a real participant response.
SYN038,Family-care priority,11,"Laundry, $6, campus laundry",weekly,NEED,Synthetic rule-based vote; not a real participant response.
SYN039,Family-care priority,11,"Laundry, $6, campus laundry",weekly,NEED,Synthetic rule-based vote; not a real participant response.
SYN040,Family-care priority,11,"Laundry, $6, campus laundry",weekly,NEED,Synthetic rule-based vote; not a real participant response.
SYN041,Wellbeing-balanced,11,"Laundry, $6, campus laundry",weekly,NEED,Synthetic rule-based vote; not a real participant response.
SYN042,Wellbeing-balanced,11,"Laundry, $6, campus laundry",weekly,NEED,Synthetic rule-based vote; not a real participant response.
SYN043,Wellbeing-balanced,11,"Laundry, $6, campus laundry",weekly,NEED,Synthetic rule-based vote; not a real participant response.
SYN044,Wellbeing-balanced,11,"Laundry, $6, campus laundry",weekly,NEED,Synthetic rule-based vote; not a real participant response.
SYN045,Wellbeing-balanced,11,"Laundry, $6, campus laundry",weekly,NEED,Synthetic rule-based vote; not a real participant response.
SYN046,Wellbeing-balanced,11,"Laundry, $6, campus laundry",weekly,NEED,Synthetic rule-based vote; not a real participant response.
SYN047,Wellbeing-balanced,11,"Laundry, $6, campus laundry",weekly,NEED,Synthetic rule-based vote; not a real participant response.
SYN048,Wellbeing-balanced,11,"Laundry, $6, campus laundry",weekly,NEED,Synthetic rule-based vote; not a real participant response.
SYN049,Wellbeing-balanced,11,"Laundry, $6, campus laundry",weekly,NEED,Synthetic rule-based vote; not a real participant response.
SYN050,Wellbeing-balanced,11,"Laundry, $6, campus laundry",weekly,NEED,Synthetic rule-based vote; not a real participant response.
SYN001,Essentials-first,12,"Winter coat, $70, Walmart","first Michigan winter, owns no coat",NEED,Synthetic rule-based vote; not a real participant response.
SYN002,Essentials-first,12,"Winter coat, $70, Walmart","first Michigan winter, owns no coat",NEED,Synthetic rule-based vote; not a real participant response.
SYN003,Essentials-first,12,"Winter coat, $70, Walmart","first Michigan winter, owns no coat",NEED,Synthetic rule-based vote; not a real participant response.
SYN004,Essentials-first,12,"Winter coat, $70, Walmart","first Michigan winter, owns no coat",NEED,Synthetic rule-based vote; not a real participant response.
SYN005,Essentials-first,12,"Winter coat, $70, Walmart","first Michigan winter, owns no coat",NEED,Synthetic rule-based vote; not a real participant response.
SYN006,Essentials-first,12,"Winter coat, $70, Walmart","first Michigan winter, owns no coat",NEED,Synthetic rule-based vote; not a real participant response.
SYN007,Essentials-first,12,"Winter coat, $70, Walmart","first Michigan winter, owns no coat",NEED,Synthetic rule-based vote; not a real participant response.
SYN008,Essentials-first,12,"Winter coat, $70, Walmart","first Michigan winter, owns no coat",NEED,Synthetic rule-based vote; not a real participant response.
SYN009,Essentials-first,12,"Winter coat, $70, Walmart","first Michigan winter, owns no coat",NEED,Synthetic rule-based vote; not a real participant response.
SYN010,Essentials-first,12,"Winter coat, $70, Walmart","first Michigan winter, owns no coat",NEED,Synthetic rule-based vote; not a real participant response.
SYN011,Budget-guarding,12,"Winter coat, $70, Walmart","first Michigan winter, owns no coat",NEED,Synthetic rule-based vote; not a real participant response.
SYN012,Budget-guarding,12,"Winter coat, $70, Walmart","first Michigan winter, owns no coat",NEED,Synthetic rule-based vote; not a real participant response.
SYN013,Budget-guarding,12,"Winter coat, $70, Walmart","first Michigan winter, owns no coat",NEED,Synthetic rule-based vote; not a real participant response.
SYN014,Budget-guarding,12,"Winter coat, $70, Walmart","first Michigan winter, owns no coat",NEED,Synthetic rule-based vote; not a real participant response.
SYN015,Budget-guarding,12,"Winter coat, $70, Walmart","first Michigan winter, owns no coat",NEED,Synthetic rule-based vote; not a real participant response.
SYN016,Budget-guarding,12,"Winter coat, $70, Walmart","first Michigan winter, owns no coat",NEED,Synthetic rule-based vote; not a real participant response.
SYN017,Budget-guarding,12,"Winter coat, $70, Walmart","first Michigan winter, owns no coat",NEED,Synthetic rule-based vote; not a real participant response.
SYN018,Budget-guarding,12,"Winter coat, $70, Walmart","first Michigan winter, owns no coat",NEED,Synthetic rule-based vote; not a real participant response.
SYN019,Budget-guarding,12,"Winter coat, $70, Walmart","first Michigan winter, owns no coat",NEED,Synthetic rule-based vote; not a real participant response.
SYN020,Budget-guarding,12,"Winter coat, $70, Walmart","first Michigan winter, owns no coat",NEED,Synthetic rule-based vote; not a real participant response.
SYN021,Context-first,12,"Winter coat, $70, Walmart","first Michigan winter, owns no coat",NEED,Synthetic rule-based vote; not a real participant response.
SYN022,Context-first,12,"Winter coat, $70, Walmart","first Michigan winter, owns no coat",NEED,Synthetic rule-based vote; not a real participant response.
SYN023,Context-first,12,"Winter coat, $70, Walmart","first Michigan winter, owns no coat",NEED,Synthetic rule-based vote; not a real participant response.
SYN024,Context-first,12,"Winter coat, $70, Walmart","first Michigan winter, owns no coat",NEED,Synthetic rule-based vote; not a real participant response.
SYN025,Context-first,12,"Winter coat, $70, Walmart","first Michigan winter, owns no coat",NEED,Synthetic rule-based vote; not a real participant response.
SYN026,Context-first,12,"Winter coat, $70, Walmart","first Michigan winter, owns no coat",NEED,Synthetic rule-based vote; not a real participant response.
SYN027,Context-first,12,"Winter coat, $70, Walmart","first Michigan winter, owns no coat",NEED,Synthetic rule-based vote; not a real participant response.
SYN028,Context-first,12,"Winter coat, $70, Walmart","first Michigan winter, owns no coat",NEED,Synthetic rule-based vote; not a real participant response.
SYN029,Context-first,12,"Winter coat, $70, Walmart","first Michigan winter, owns no coat",NEED,Synthetic rule-based vote; not a real participant response.
SYN030,Context-first,12,"Winter coat, $70, Walmart","first Michigan winter, owns no coat",NEED,Synthetic rule-based vote; not a real participant response.
SYN031,Family-care priority,12,"Winter coat, $70, Walmart","first Michigan winter, owns no coat",NEED,Synthetic rule-based vote; not a real participant response.
SYN032,Family-care priority,12,"Winter coat, $70, Walmart","first Michigan winter, owns no coat",NEED,Synthetic rule-based vote; not a real participant response.
SYN033,Family-care priority,12,"Winter coat, $70, Walmart","first Michigan winter, owns no coat",NEED,Synthetic rule-based vote; not a real participant response.
SYN034,Family-care priority,12,"Winter coat, $70, Walmart","first Michigan winter, owns no coat",NEED,Synthetic rule-based vote; not a real participant response.
SYN035,Family-care priority,12,"Winter coat, $70, Walmart","first Michigan winter, owns no coat",NEED,Synthetic rule-based vote; not a real participant response.
SYN036,Family-care priority,12,"Winter coat, $70, Walmart","first Michigan winter, owns no coat",NEED,Synthetic rule-based vote; not a real participant response.
SYN037,Family-care priority,12,"Winter coat, $70, Walmart","first Michigan winter, owns no coat",NEED,Synthetic rule-based vote; not a real participant response.
SYN038,Family-care priority,12,"Winter coat, $70, Walmart","first Michigan winter, owns no coat",NEED,Synthetic rule-based vote; not a real participant response.
SYN039,Family-care priority,12,"Winter coat, $70, Walmart","first Michigan winter, owns no coat",NEED,Synthetic rule-based vote; not a real participant response.
SYN040,Family-care priority,12,"Winter coat, $70, Walmart","first Michigan winter, owns no coat",NEED,Synthetic rule-based vote; not a real participant response.
SYN041,Wellbeing-balanced,12,"Winter coat, $70, Walmart","first Michigan winter, owns no coat",NEED,Synthetic rule-based vote; not a real participant response.
SYN042,Wellbeing-balanced,12,"Winter coat, $70, Walmart","first Michigan winter, owns no coat",NEED,Synthetic rule-based vote; not a real participant response.
SYN043,Wellbeing-balanced,12,"Winter coat, $70, Walmart","first Michigan winter, owns no coat",NEED,Synthetic rule-based vote; not a real participant response.
SYN044,Wellbeing-balanced,12,"Winter coat, $70, Walmart","first Michigan winter, owns no coat",NEED,Synthetic rule-based vote; not a real participant response.
SYN045,Wellbeing-balanced,12,"Winter coat, $70, Walmart","first Michigan winter, owns no coat",NEED,Synthetic rule-based vote; not a real participant response.
SYN046,Wellbeing-balanced,12,"Winter coat, $70, Walmart","first Michigan winter, owns no coat",NEED,Synthetic rule-based vote; not a real participant response.
SYN047,Wellbeing-balanced,12,"Winter coat, $70, Walmart","first Michigan winter, owns no coat",NEED,Synthetic rule-based vote; not a real participant response.
SYN048,Wellbeing-balanced,12,"Winter coat, $70, Walmart","first Michigan winter, owns no coat",NEED,Synthetic rule-based vote; not a real participant response.
SYN049,Wellbeing-balanced,12,"Winter coat, $70, Walmart","first Michigan winter, owns no coat",NEED,Synthetic rule-based vote; not a real participant response.
SYN050,Wellbeing-balanced,12,"Winter coat, $70, Walmart","first Michigan winter, owns no coat",NEED,Synthetic rule-based vote; not a real participant response.
SYN001,Essentials-first,13,"Laptop charger, $35, Amazon",old one stopped working,NEED,Synthetic rule-based vote; not a real participant response.
SYN002,Essentials-first,13,"Laptop charger, $35, Amazon",old one stopped working,NEED,Synthetic rule-based vote; not a real participant response.
SYN003,Essentials-first,13,"Laptop charger, $35, Amazon",old one stopped working,NEED,Synthetic rule-based vote; not a real participant response.
SYN004,Essentials-first,13,"Laptop charger, $35, Amazon",old one stopped working,NEED,Synthetic rule-based vote; not a real participant response.
SYN005,Essentials-first,13,"Laptop charger, $35, Amazon",old one stopped working,NEED,Synthetic rule-based vote; not a real participant response.
SYN006,Essentials-first,13,"Laptop charger, $35, Amazon",old one stopped working,NEED,Synthetic rule-based vote; not a real participant response.
SYN007,Essentials-first,13,"Laptop charger, $35, Amazon",old one stopped working,NEED,Synthetic rule-based vote; not a real participant response.
SYN008,Essentials-first,13,"Laptop charger, $35, Amazon",old one stopped working,NEED,Synthetic rule-based vote; not a real participant response.
SYN009,Essentials-first,13,"Laptop charger, $35, Amazon",old one stopped working,NEED,Synthetic rule-based vote; not a real participant response.
SYN010,Essentials-first,13,"Laptop charger, $35, Amazon",old one stopped working,NEED,Synthetic rule-based vote; not a real participant response.
SYN011,Budget-guarding,13,"Laptop charger, $35, Amazon",old one stopped working,NEED,Synthetic rule-based vote; not a real participant response.
SYN012,Budget-guarding,13,"Laptop charger, $35, Amazon",old one stopped working,NEED,Synthetic rule-based vote; not a real participant response.
SYN013,Budget-guarding,13,"Laptop charger, $35, Amazon",old one stopped working,NEED,Synthetic rule-based vote; not a real participant response.
SYN014,Budget-guarding,13,"Laptop charger, $35, Amazon",old one stopped working,NEED,Synthetic rule-based vote; not a real participant response.
SYN015,Budget-guarding,13,"Laptop charger, $35, Amazon",old one stopped working,NEED,Synthetic rule-based vote; not a real participant response.
SYN016,Budget-guarding,13,"Laptop charger, $35, Amazon",old one stopped working,NEED,Synthetic rule-based vote; not a real participant response.
SYN017,Budget-guarding,13,"Laptop charger, $35, Amazon",old one stopped working,NEED,Synthetic rule-based vote; not a real participant response.
SYN018,Budget-guarding,13,"Laptop charger, $35, Amazon",old one stopped working,NEED,Synthetic rule-based vote; not a real participant response.
SYN019,Budget-guarding,13,"Laptop charger, $35, Amazon",old one stopped working,NEED,Synthetic rule-based vote; not a real participant response.
SYN020,Budget-guarding,13,"Laptop charger, $35, Amazon",old one stopped working,NEED,Synthetic rule-based vote; not a real participant response.
SYN021,Context-first,13,"Laptop charger, $35, Amazon",old one stopped working,NEED,Synthetic rule-based vote; not a real participant response.
SYN022,Context-first,13,"Laptop charger, $35, Amazon",old one stopped working,NEED,Synthetic rule-based vote; not a real participant response.
SYN023,Context-first,13,"Laptop charger, $35, Amazon",old one stopped working,NEED,Synthetic rule-based vote; not a real participant response.
SYN024,Context-first,13,"Laptop charger, $35, Amazon",old one stopped working,NEED,Synthetic rule-based vote; not a real participant response.
SYN025,Context-first,13,"Laptop charger, $35, Amazon",old one stopped working,NEED,Synthetic rule-based vote; not a real participant response.
SYN026,Context-first,13,"Laptop charger, $35, Amazon",old one stopped working,NEED,Synthetic rule-based vote; not a real participant response.
SYN027,Context-first,13,"Laptop charger, $35, Amazon",old one stopped working,NEED,Synthetic rule-based vote; not a real participant response.
SYN028,Context-first,13,"Laptop charger, $35, Amazon",old one stopped working,NEED,Synthetic rule-based vote; not a real participant response.
SYN029,Context-first,13,"Laptop charger, $35, Amazon",old one stopped working,NEED,Synthetic rule-based vote; not a real participant response.
SYN030,Context-first,13,"Laptop charger, $35, Amazon",old one stopped working,NEED,Synthetic rule-based vote; not a real participant response.
SYN031,Family-care priority,13,"Laptop charger, $35, Amazon",old one stopped working,NEED,Synthetic rule-based vote; not a real participant response.
SYN032,Family-care priority,13,"Laptop charger, $35, Amazon",old one stopped working,NEED,Synthetic rule-based vote; not a real participant response.
SYN033,Family-care priority,13,"Laptop charger, $35, Amazon",old one stopped working,NEED,Synthetic rule-based vote; not a real participant response.
SYN034,Family-care priority,13,"Laptop charger, $35, Amazon",old one stopped working,NEED,Synthetic rule-based vote; not a real participant response.
SYN035,Family-care priority,13,"Laptop charger, $35, Amazon",old one stopped working,NEED,Synthetic rule-based vote; not a real participant response.
SYN036,Family-care priority,13,"Laptop charger, $35, Amazon",old one stopped working,NEED,Synthetic rule-based vote; not a real participant response.
SYN037,Family-care priority,13,"Laptop charger, $35, Amazon",old one stopped working,NEED,Synthetic rule-based vote; not a real participant response.
SYN038,Family-care priority,13,"Laptop charger, $35, Amazon",old one stopped working,NEED,Synthetic rule-based vote; not a real participant response.
SYN039,Family-care priority,13,"Laptop charger, $35, Amazon",old one stopped working,NEED,Synthetic rule-based vote; not a real participant response.
SYN040,Family-care priority,13,"Laptop charger, $35, Amazon",old one stopped working,NEED,Synthetic rule-based vote; not a real participant response.
SYN041,Wellbeing-balanced,13,"Laptop charger, $35, Amazon",old one stopped working,NEED,Synthetic rule-based vote; not a real participant response.
SYN042,Wellbeing-balanced,13,"Laptop charger, $35, Amazon",old one stopped working,NEED,Synthetic rule-based vote; not a real participant response.
SYN043,Wellbeing-balanced,13,"Laptop charger, $35, Amazon",old one stopped working,NEED,Synthetic rule-based vote; not a real participant response.
SYN044,Wellbeing-balanced,13,"Laptop charger, $35, Amazon",old one stopped working,NEED,Synthetic rule-based vote; not a real participant response.
SYN045,Wellbeing-balanced,13,"Laptop charger, $35, Amazon",old one stopped working,NEED,Synthetic rule-based vote; not a real participant response.
SYN046,Wellbeing-balanced,13,"Laptop charger, $35, Amazon",old one stopped working,NEED,Synthetic rule-based vote; not a real participant response.
SYN047,Wellbeing-balanced,13,"Laptop charger, $35, Amazon",old one stopped working,NEED,Synthetic rule-based vote; not a real participant response.
SYN048,Wellbeing-balanced,13,"Laptop charger, $35, Amazon",old one stopped working,NEED,Synthetic rule-based vote; not a real participant response.
SYN049,Wellbeing-balanced,13,"Laptop charger, $35, Amazon",old one stopped working,NEED,Synthetic rule-based vote; not a real participant response.
SYN050,Wellbeing-balanced,13,"Laptop charger, $35, Amazon",old one stopped working,NEED,Synthetic rule-based vote; not a real participant response.
SYN001,Essentials-first,14,"Lab fee, $200, university",required by program,NEED,Synthetic rule-based vote; not a real participant response.
SYN002,Essentials-first,14,"Lab fee, $200, university",required by program,NEED,Synthetic rule-based vote; not a real participant response.
SYN003,Essentials-first,14,"Lab fee, $200, university",required by program,NEED,Synthetic rule-based vote; not a real participant response.
SYN004,Essentials-first,14,"Lab fee, $200, university",required by program,NEED,Synthetic rule-based vote; not a real participant response.
SYN005,Essentials-first,14,"Lab fee, $200, university",required by program,NEED,Synthetic rule-based vote; not a real participant response.
SYN006,Essentials-first,14,"Lab fee, $200, university",required by program,NEED,Synthetic rule-based vote; not a real participant response.
SYN007,Essentials-first,14,"Lab fee, $200, university",required by program,NEED,Synthetic rule-based vote; not a real participant response.
SYN008,Essentials-first,14,"Lab fee, $200, university",required by program,NEED,Synthetic rule-based vote; not a real participant response.
SYN009,Essentials-first,14,"Lab fee, $200, university",required by program,NEED,Synthetic rule-based vote; not a real participant response.
SYN010,Essentials-first,14,"Lab fee, $200, university",required by program,NEED,Synthetic rule-based vote; not a real participant response.
SYN011,Budget-guarding,14,"Lab fee, $200, university",required by program,NEED,Synthetic rule-based vote; not a real participant response.
SYN012,Budget-guarding,14,"Lab fee, $200, university",required by program,NEED,Synthetic rule-based vote; not a real participant response.
SYN013,Budget-guarding,14,"Lab fee, $200, university",required by program,NEED,Synthetic rule-based vote; not a real participant response.
SYN014,Budget-guarding,14,"Lab fee, $200, university",required by program,NEED,Synthetic rule-based vote; not a real participant response.
SYN015,Budget-guarding,14,"Lab fee, $200, university",required by program,NEED,Synthetic rule-based vote; not a real participant response.
SYN016,Budget-guarding,14,"Lab fee, $200, university",required by program,NEED,Synthetic rule-based vote; not a real participant response.
SYN017,Budget-guarding,14,"Lab fee, $200, university",required by program,NEED,Synthetic rule-based vote; not a real participant response.
SYN018,Budget-guarding,14,"Lab fee, $200, university",required by program,NEED,Synthetic rule-based vote; not a real participant response.
SYN019,Budget-guarding,14,"Lab fee, $200, university",required by program,NEED,Synthetic rule-based vote; not a real participant response.
SYN020,Budget-guarding,14,"Lab fee, $200, university",required by program,NEED,Synthetic rule-based vote; not a real participant response.
SYN021,Context-first,14,"Lab fee, $200, university",required by program,NEED,Synthetic rule-based vote; not a real participant response.
SYN022,Context-first,14,"Lab fee, $200, university",required by program,NEED,Synthetic rule-based vote; not a real participant response.
SYN023,Context-first,14,"Lab fee, $200, university",required by program,NEED,Synthetic rule-based vote; not a real participant response.
SYN024,Context-first,14,"Lab fee, $200, university",required by program,NEED,Synthetic rule-based vote; not a real participant response.
SYN025,Context-first,14,"Lab fee, $200, university",required by program,NEED,Synthetic rule-based vote; not a real participant response.
SYN026,Context-first,14,"Lab fee, $200, university",required by program,NEED,Synthetic rule-based vote; not a real participant response.
SYN027,Context-first,14,"Lab fee, $200, university",required by program,NEED,Synthetic rule-based vote; not a real participant response.
SYN028,Context-first,14,"Lab fee, $200, university",required by program,NEED,Synthetic rule-based vote; not a real participant response.
SYN029,Context-first,14,"Lab fee, $200, university",required by program,NEED,Synthetic rule-based vote; not a real participant response.
SYN030,Context-first,14,"Lab fee, $200, university",required by program,NEED,Synthetic rule-based vote; not a real participant response.
SYN031,Family-care priority,14,"Lab fee, $200, university",required by program,NEED,Synthetic rule-based vote; not a real participant response.
SYN032,Family-care priority,14,"Lab fee, $200, university",required by program,NEED,Synthetic rule-based vote; not a real participant response.
SYN033,Family-care priority,14,"Lab fee, $200, university",required by program,NEED,Synthetic rule-based vote; not a real participant response.
SYN034,Family-care priority,14,"Lab fee, $200, university",required by program,NEED,Synthetic rule-based vote; not a real participant response.
SYN035,Family-care priority,14,"Lab fee, $200, university",required by program,NEED,Synthetic rule-based vote; not a real participant response.
SYN036,Family-care priority,14,"Lab fee, $200, university",required by program,NEED,Synthetic rule-based vote; not a real participant response.
SYN037,Family-care priority,14,"Lab fee, $200, university",required by program,NEED,Synthetic rule-based vote; not a real participant response.
SYN038,Family-care priority,14,"Lab fee, $200, university",required by program,NEED,Synthetic rule-based vote; not a real participant response.
SYN039,Family-care priority,14,"Lab fee, $200, university",required by program,NEED,Synthetic rule-based vote; not a real participant response.
SYN040,Family-care priority,14,"Lab fee, $200, university",required by program,NEED,Synthetic rule-based vote; not a real participant response.
SYN041,Wellbeing-balanced,14,"Lab fee, $200, university",required by program,NEED,Synthetic rule-based vote; not a real participant response.
SYN042,Wellbeing-balanced,14,"Lab fee, $200, university",required by program,NEED,Synthetic rule-based vote; not a real participant response.
SYN043,Wellbeing-balanced,14,"Lab fee, $200, university",required by program,NEED,Synthetic rule-based vote; not a real participant response.
SYN044,Wellbeing-balanced,14,"Lab fee, $200, university",required by program,NEED,Synthetic rule-based vote; not a real participant response.
SYN045,Wellbeing-balanced,14,"Lab fee, $200, university",required by program,NEED,Synthetic rule-based vote; not a real participant response.
SYN046,Wellbeing-balanced,14,"Lab fee, $200, university",required by program,NEED,Synthetic rule-based vote; not a real participant response.
SYN047,Wellbeing-balanced,14,"Lab fee, $200, university",required by program,NEED,Synthetic rule-based vote; not a real participant response.
SYN048,Wellbeing-balanced,14,"Lab fee, $200, university",required by program,NEED,Synthetic rule-based vote; not a real participant response.
SYN049,Wellbeing-balanced,14,"Lab fee, $200, university",required by program,NEED,Synthetic rule-based vote; not a real participant response.
SYN050,Wellbeing-balanced,14,"Lab fee, $200, university",required by program,NEED,Synthetic rule-based vote; not a real participant response.
SYN001,Essentials-first,15,"Health insurance, $120",monthly premium,NEED,Synthetic rule-based vote; not a real participant response.
SYN002,Essentials-first,15,"Health insurance, $120",monthly premium,NEED,Synthetic rule-based vote; not a real participant response.
SYN003,Essentials-first,15,"Health insurance, $120",monthly premium,NEED,Synthetic rule-based vote; not a real participant response.
SYN004,Essentials-first,15,"Health insurance, $120",monthly premium,NEED,Synthetic rule-based vote; not a real participant response.
SYN005,Essentials-first,15,"Health insurance, $120",monthly premium,NEED,Synthetic rule-based vote; not a real participant response.
SYN006,Essentials-first,15,"Health insurance, $120",monthly premium,NEED,Synthetic rule-based vote; not a real participant response.
SYN007,Essentials-first,15,"Health insurance, $120",monthly premium,NEED,Synthetic rule-based vote; not a real participant response.
SYN008,Essentials-first,15,"Health insurance, $120",monthly premium,NEED,Synthetic rule-based vote; not a real participant response.
SYN009,Essentials-first,15,"Health insurance, $120",monthly premium,NEED,Synthetic rule-based vote; not a real participant response.
SYN010,Essentials-first,15,"Health insurance, $120",monthly premium,NEED,Synthetic rule-based vote; not a real participant response.
SYN011,Budget-guarding,15,"Health insurance, $120",monthly premium,NEED,Synthetic rule-based vote; not a real participant response.
SYN012,Budget-guarding,15,"Health insurance, $120",monthly premium,NEED,Synthetic rule-based vote; not a real participant response.
SYN013,Budget-guarding,15,"Health insurance, $120",monthly premium,NEED,Synthetic rule-based vote; not a real participant response.
SYN014,Budget-guarding,15,"Health insurance, $120",monthly premium,NEED,Synthetic rule-based vote; not a real participant response.
SYN015,Budget-guarding,15,"Health insurance, $120",monthly premium,NEED,Synthetic rule-based vote; not a real participant response.
SYN016,Budget-guarding,15,"Health insurance, $120",monthly premium,NEED,Synthetic rule-based vote; not a real participant response.
SYN017,Budget-guarding,15,"Health insurance, $120",monthly premium,NEED,Synthetic rule-based vote; not a real participant response.
SYN018,Budget-guarding,15,"Health insurance, $120",monthly premium,NEED,Synthetic rule-based vote; not a real participant response.
SYN019,Budget-guarding,15,"Health insurance, $120",monthly premium,NEED,Synthetic rule-based vote; not a real participant response.
SYN020,Budget-guarding,15,"Health insurance, $120",monthly premium,NEED,Synthetic rule-based vote; not a real participant response.
SYN021,Context-first,15,"Health insurance, $120",monthly premium,NEED,Synthetic rule-based vote; not a real participant response.
SYN022,Context-first,15,"Health insurance, $120",monthly premium,NEED,Synthetic rule-based vote; not a real participant response.
SYN023,Context-first,15,"Health insurance, $120",monthly premium,NEED,Synthetic rule-based vote; not a real participant response.
SYN024,Context-first,15,"Health insurance, $120",monthly premium,NEED,Synthetic rule-based vote; not a real participant response.
SYN025,Context-first,15,"Health insurance, $120",monthly premium,NEED,Synthetic rule-based vote; not a real participant response.
SYN026,Context-first,15,"Health insurance, $120",monthly premium,NEED,Synthetic rule-based vote; not a real participant response.
SYN027,Context-first,15,"Health insurance, $120",monthly premium,NEED,Synthetic rule-based vote; not a real participant response.
SYN028,Context-first,15,"Health insurance, $120",monthly premium,NEED,Synthetic rule-based vote; not a real participant response.
SYN029,Context-first,15,"Health insurance, $120",monthly premium,NEED,Synthetic rule-based vote; not a real participant response.
SYN030,Context-first,15,"Health insurance, $120",monthly premium,NEED,Synthetic rule-based vote; not a real participant response.
SYN031,Family-care priority,15,"Health insurance, $120",monthly premium,NEED,Synthetic rule-based vote; not a real participant response.
SYN032,Family-care priority,15,"Health insurance, $120",monthly premium,NEED,Synthetic rule-based vote; not a real participant response.
SYN033,Family-care priority,15,"Health insurance, $120",monthly premium,NEED,Synthetic rule-based vote; not a real participant response.
SYN034,Family-care priority,15,"Health insurance, $120",monthly premium,NEED,Synthetic rule-based vote; not a real participant response.
SYN035,Family-care priority,15,"Health insurance, $120",monthly premium,NEED,Synthetic rule-based vote; not a real participant response.
SYN036,Family-care priority,15,"Health insurance, $120",monthly premium,NEED,Synthetic rule-based vote; not a real participant response.
SYN037,Family-care priority,15,"Health insurance, $120",monthly premium,NEED,Synthetic rule-based vote; not a real participant response.
SYN038,Family-care priority,15,"Health insurance, $120",monthly premium,NEED,Synthetic rule-based vote; not a real participant response.
SYN039,Family-care priority,15,"Health insurance, $120",monthly premium,NEED,Synthetic rule-based vote; not a real participant response.
SYN040,Family-care priority,15,"Health insurance, $120",monthly premium,NEED,Synthetic rule-based vote; not a real participant response.
SYN041,Wellbeing-balanced,15,"Health insurance, $120",monthly premium,NEED,Synthetic rule-based vote; not a real participant response.
SYN042,Wellbeing-balanced,15,"Health insurance, $120",monthly premium,NEED,Synthetic rule-based vote; not a real participant response.
SYN043,Wellbeing-balanced,15,"Health insurance, $120",monthly premium,NEED,Synthetic rule-based vote; not a real participant response.
SYN044,Wellbeing-balanced,15,"Health insurance, $120",monthly premium,NEED,Synthetic rule-based vote; not a real participant response.
SYN045,Wellbeing-balanced,15,"Health insurance, $120",monthly premium,NEED,Synthetic rule-based vote; not a real participant response.
SYN046,Wellbeing-balanced,15,"Health insurance, $120",monthly premium,NEED,Synthetic rule-based vote; not a real participant response.
SYN047,Wellbeing-balanced,15,"Health insurance, $120",monthly premium,NEED,Synthetic rule-based vote; not a real participant response.
SYN048,Wellbeing-balanced,15,"Health insurance, $120",monthly premium,NEED,Synthetic rule-based vote; not a real participant response.
SYN049,Wellbeing-balanced,15,"Health insurance, $120",monthly premium,NEED,Synthetic rule-based vote; not a real participant response.
SYN050,Wellbeing-balanced,15,"Health insurance, $120",monthly premium,NEED,Synthetic rule-based vote; not a real participant response.
SYN001,Essentials-first,16,"Palm oil, crayfish, stockfish, $28, African food store",groceries for the month,NEED,Synthetic rule-based vote; not a real participant response.
SYN002,Essentials-first,16,"Palm oil, crayfish, stockfish, $28, African food store",groceries for the month,NEED,Synthetic rule-based vote; not a real participant response.
SYN003,Essentials-first,16,"Palm oil, crayfish, stockfish, $28, African food store",groceries for the month,NEED,Synthetic rule-based vote; not a real participant response.
SYN004,Essentials-first,16,"Palm oil, crayfish, stockfish, $28, African food store",groceries for the month,NEED,Synthetic rule-based vote; not a real participant response.
SYN005,Essentials-first,16,"Palm oil, crayfish, stockfish, $28, African food store",groceries for the month,NEED,Synthetic rule-based vote; not a real participant response.
SYN006,Essentials-first,16,"Palm oil, crayfish, stockfish, $28, African food store",groceries for the month,NEED,Synthetic rule-based vote; not a real participant response.
SYN007,Essentials-first,16,"Palm oil, crayfish, stockfish, $28, African food store",groceries for the month,NEED,Synthetic rule-based vote; not a real participant response.
SYN008,Essentials-first,16,"Palm oil, crayfish, stockfish, $28, African food store",groceries for the month,NEED,Synthetic rule-based vote; not a real participant response.
SYN009,Essentials-first,16,"Palm oil, crayfish, stockfish, $28, African food store",groceries for the month,NEED,Synthetic rule-based vote; not a real participant response.
SYN010,Essentials-first,16,"Palm oil, crayfish, stockfish, $28, African food store",groceries for the month,NEED,Synthetic rule-based vote; not a real participant response.
SYN011,Budget-guarding,16,"Palm oil, crayfish, stockfish, $28, African food store",groceries for the month,DEPENDS,Synthetic rule-based vote; not a real participant response.
SYN012,Budget-guarding,16,"Palm oil, crayfish, stockfish, $28, African food store",groceries for the month,DEPENDS,Synthetic rule-based vote; not a real participant response.
SYN013,Budget-guarding,16,"Palm oil, crayfish, stockfish, $28, African food store",groceries for the month,DEPENDS,Synthetic rule-based vote; not a real participant response.
SYN014,Budget-guarding,16,"Palm oil, crayfish, stockfish, $28, African food store",groceries for the month,DEPENDS,Synthetic rule-based vote; not a real participant response.
SYN015,Budget-guarding,16,"Palm oil, crayfish, stockfish, $28, African food store",groceries for the month,DEPENDS,Synthetic rule-based vote; not a real participant response.
SYN016,Budget-guarding,16,"Palm oil, crayfish, stockfish, $28, African food store",groceries for the month,DEPENDS,Synthetic rule-based vote; not a real participant response.
SYN017,Budget-guarding,16,"Palm oil, crayfish, stockfish, $28, African food store",groceries for the month,DEPENDS,Synthetic rule-based vote; not a real participant response.
SYN018,Budget-guarding,16,"Palm oil, crayfish, stockfish, $28, African food store",groceries for the month,DEPENDS,Synthetic rule-based vote; not a real participant response.
SYN019,Budget-guarding,16,"Palm oil, crayfish, stockfish, $28, African food store",groceries for the month,NEED,Synthetic rule-based vote; not a real participant response.
SYN020,Budget-guarding,16,"Palm oil, crayfish, stockfish, $28, African food store",groceries for the month,NEED,Synthetic rule-based vote; not a real participant response.
SYN021,Context-first,16,"Palm oil, crayfish, stockfish, $28, African food store",groceries for the month,NEED,Synthetic rule-based vote; not a real participant response.
SYN022,Context-first,16,"Palm oil, crayfish, stockfish, $28, African food store",groceries for the month,NEED,Synthetic rule-based vote; not a real participant response.
SYN023,Context-first,16,"Palm oil, crayfish, stockfish, $28, African food store",groceries for the month,NEED,Synthetic rule-based vote; not a real participant response.
SYN024,Context-first,16,"Palm oil, crayfish, stockfish, $28, African food store",groceries for the month,NEED,Synthetic rule-based vote; not a real participant response.
SYN025,Context-first,16,"Palm oil, crayfish, stockfish, $28, African food store",groceries for the month,NEED,Synthetic rule-based vote; not a real participant response.
SYN026,Context-first,16,"Palm oil, crayfish, stockfish, $28, African food store",groceries for the month,NEED,Synthetic rule-based vote; not a real participant response.
SYN027,Context-first,16,"Palm oil, crayfish, stockfish, $28, African food store",groceries for the month,NEED,Synthetic rule-based vote; not a real participant response.
SYN028,Context-first,16,"Palm oil, crayfish, stockfish, $28, African food store",groceries for the month,NEED,Synthetic rule-based vote; not a real participant response.
SYN029,Context-first,16,"Palm oil, crayfish, stockfish, $28, African food store",groceries for the month,NEED,Synthetic rule-based vote; not a real participant response.
SYN030,Context-first,16,"Palm oil, crayfish, stockfish, $28, African food store",groceries for the month,NEED,Synthetic rule-based vote; not a real participant response.
SYN031,Family-care priority,16,"Palm oil, crayfish, stockfish, $28, African food store",groceries for the month,NEED,Synthetic rule-based vote; not a real participant response.
SYN032,Family-care priority,16,"Palm oil, crayfish, stockfish, $28, African food store",groceries for the month,NEED,Synthetic rule-based vote; not a real participant response.
SYN033,Family-care priority,16,"Palm oil, crayfish, stockfish, $28, African food store",groceries for the month,NEED,Synthetic rule-based vote; not a real participant response.
SYN034,Family-care priority,16,"Palm oil, crayfish, stockfish, $28, African food store",groceries for the month,NEED,Synthetic rule-based vote; not a real participant response.
SYN035,Family-care priority,16,"Palm oil, crayfish, stockfish, $28, African food store",groceries for the month,NEED,Synthetic rule-based vote; not a real participant response.
SYN036,Family-care priority,16,"Palm oil, crayfish, stockfish, $28, African food store",groceries for the month,NEED,Synthetic rule-based vote; not a real participant response.
SYN037,Family-care priority,16,"Palm oil, crayfish, stockfish, $28, African food store",groceries for the month,NEED,Synthetic rule-based vote; not a real participant response.
SYN038,Family-care priority,16,"Palm oil, crayfish, stockfish, $28, African food store",groceries for the month,NEED,Synthetic rule-based vote; not a real participant response.
SYN039,Family-care priority,16,"Palm oil, crayfish, stockfish, $28, African food store",groceries for the month,NEED,Synthetic rule-based vote; not a real participant response.
SYN040,Family-care priority,16,"Palm oil, crayfish, stockfish, $28, African food store",groceries for the month,NEED,Synthetic rule-based vote; not a real participant response.
SYN041,Wellbeing-balanced,16,"Palm oil, crayfish, stockfish, $28, African food store",groceries for the month,NEED,Synthetic rule-based vote; not a real participant response.
SYN042,Wellbeing-balanced,16,"Palm oil, crayfish, stockfish, $28, African food store",groceries for the month,NEED,Synthetic rule-based vote; not a real participant response.
SYN043,Wellbeing-balanced,16,"Palm oil, crayfish, stockfish, $28, African food store",groceries for the month,NEED,Synthetic rule-based vote; not a real participant response.
SYN044,Wellbeing-balanced,16,"Palm oil, crayfish, stockfish, $28, African food store",groceries for the month,NEED,Synthetic rule-based vote; not a real participant response.
SYN045,Wellbeing-balanced,16,"Palm oil, crayfish, stockfish, $28, African food store",groceries for the month,NEED,Synthetic rule-based vote; not a real participant response.
SYN046,Wellbeing-balanced,16,"Palm oil, crayfish, stockfish, $28, African food store",groceries for the month,NEED,Synthetic rule-based vote; not a real participant response.
SYN047,Wellbeing-balanced,16,"Palm oil, crayfish, stockfish, $28, African food store",groceries for the month,NEED,Synthetic rule-based vote; not a real participant response.
SYN048,Wellbeing-balanced,16,"Palm oil, crayfish, stockfish, $28, African food store",groceries for the month,NEED,Synthetic rule-based vote; not a real participant response.
SYN049,Wellbeing-balanced,16,"Palm oil, crayfish, stockfish, $28, African food store",groceries for the month,NEED,Synthetic rule-based vote; not a real participant response.
SYN050,Wellbeing-balanced,16,"Palm oil, crayfish, stockfish, $28, African food store",groceries for the month,NEED,Synthetic rule-based vote; not a real participant response.
SYN001,Essentials-first,17,"Latte, $7, Starbucks",third one this week,WANT,Synthetic rule-based vote; not a real participant response.
SYN002,Essentials-first,17,"Latte, $7, Starbucks",third one this week,WANT,Synthetic rule-based vote; not a real participant response.
SYN003,Essentials-first,17,"Latte, $7, Starbucks",third one this week,WANT,Synthetic rule-based vote; not a real participant response.
SYN004,Essentials-first,17,"Latte, $7, Starbucks",third one this week,WANT,Synthetic rule-based vote; not a real participant response.
SYN005,Essentials-first,17,"Latte, $7, Starbucks",third one this week,WANT,Synthetic rule-based vote; not a real participant response.
SYN006,Essentials-first,17,"Latte, $7, Starbucks",third one this week,WANT,Synthetic rule-based vote; not a real participant response.
SYN007,Essentials-first,17,"Latte, $7, Starbucks",third one this week,WANT,Synthetic rule-based vote; not a real participant response.
SYN008,Essentials-first,17,"Latte, $7, Starbucks",third one this week,WANT,Synthetic rule-based vote; not a real participant response.
SYN009,Essentials-first,17,"Latte, $7, Starbucks",third one this week,WANT,Synthetic rule-based vote; not a real participant response.
SYN010,Essentials-first,17,"Latte, $7, Starbucks",third one this week,WANT,Synthetic rule-based vote; not a real participant response.
SYN011,Budget-guarding,17,"Latte, $7, Starbucks",third one this week,WANT,Synthetic rule-based vote; not a real participant response.
SYN012,Budget-guarding,17,"Latte, $7, Starbucks",third one this week,WANT,Synthetic rule-based vote; not a real participant response.
SYN013,Budget-guarding,17,"Latte, $7, Starbucks",third one this week,WANT,Synthetic rule-based vote; not a real participant response.
SYN014,Budget-guarding,17,"Latte, $7, Starbucks",third one this week,WANT,Synthetic rule-based vote; not a real participant response.
SYN015,Budget-guarding,17,"Latte, $7, Starbucks",third one this week,WANT,Synthetic rule-based vote; not a real participant response.
SYN016,Budget-guarding,17,"Latte, $7, Starbucks",third one this week,WANT,Synthetic rule-based vote; not a real participant response.
SYN017,Budget-guarding,17,"Latte, $7, Starbucks",third one this week,WANT,Synthetic rule-based vote; not a real participant response.
SYN018,Budget-guarding,17,"Latte, $7, Starbucks",third one this week,WANT,Synthetic rule-based vote; not a real participant response.
SYN019,Budget-guarding,17,"Latte, $7, Starbucks",third one this week,WANT,Synthetic rule-based vote; not a real participant response.
SYN020,Budget-guarding,17,"Latte, $7, Starbucks",third one this week,WANT,Synthetic rule-based vote; not a real participant response.
SYN021,Context-first,17,"Latte, $7, Starbucks",third one this week,WANT,Synthetic rule-based vote; not a real participant response.
SYN022,Context-first,17,"Latte, $7, Starbucks",third one this week,WANT,Synthetic rule-based vote; not a real participant response.
SYN023,Context-first,17,"Latte, $7, Starbucks",third one this week,WANT,Synthetic rule-based vote; not a real participant response.
SYN024,Context-first,17,"Latte, $7, Starbucks",third one this week,WANT,Synthetic rule-based vote; not a real participant response.
SYN025,Context-first,17,"Latte, $7, Starbucks",third one this week,WANT,Synthetic rule-based vote; not a real participant response.
SYN026,Context-first,17,"Latte, $7, Starbucks",third one this week,WANT,Synthetic rule-based vote; not a real participant response.
SYN027,Context-first,17,"Latte, $7, Starbucks",third one this week,WANT,Synthetic rule-based vote; not a real participant response.
SYN028,Context-first,17,"Latte, $7, Starbucks",third one this week,WANT,Synthetic rule-based vote; not a real participant response.
SYN029,Context-first,17,"Latte, $7, Starbucks",third one this week,WANT,Synthetic rule-based vote; not a real participant response.
SYN030,Context-first,17,"Latte, $7, Starbucks",third one this week,WANT,Synthetic rule-based vote; not a real participant response.
SYN031,Family-care priority,17,"Latte, $7, Starbucks",third one this week,WANT,Synthetic rule-based vote; not a real participant response.
SYN032,Family-care priority,17,"Latte, $7, Starbucks",third one this week,WANT,Synthetic rule-based vote; not a real participant response.
SYN033,Family-care priority,17,"Latte, $7, Starbucks",third one this week,WANT,Synthetic rule-based vote; not a real participant response.
SYN034,Family-care priority,17,"Latte, $7, Starbucks",third one this week,WANT,Synthetic rule-based vote; not a real participant response.
SYN035,Family-care priority,17,"Latte, $7, Starbucks",third one this week,WANT,Synthetic rule-based vote; not a real participant response.
SYN036,Family-care priority,17,"Latte, $7, Starbucks",third one this week,WANT,Synthetic rule-based vote; not a real participant response.
SYN037,Family-care priority,17,"Latte, $7, Starbucks",third one this week,WANT,Synthetic rule-based vote; not a real participant response.
SYN038,Family-care priority,17,"Latte, $7, Starbucks",third one this week,WANT,Synthetic rule-based vote; not a real participant response.
SYN039,Family-care priority,17,"Latte, $7, Starbucks",third one this week,WANT,Synthetic rule-based vote; not a real participant response.
SYN040,Family-care priority,17,"Latte, $7, Starbucks",third one this week,WANT,Synthetic rule-based vote; not a real participant response.
SYN041,Wellbeing-balanced,17,"Latte, $7, Starbucks",third one this week,WANT,Synthetic rule-based vote; not a real participant response.
SYN042,Wellbeing-balanced,17,"Latte, $7, Starbucks",third one this week,WANT,Synthetic rule-based vote; not a real participant response.
SYN043,Wellbeing-balanced,17,"Latte, $7, Starbucks",third one this week,WANT,Synthetic rule-based vote; not a real participant response.
SYN044,Wellbeing-balanced,17,"Latte, $7, Starbucks",third one this week,WANT,Synthetic rule-based vote; not a real participant response.
SYN045,Wellbeing-balanced,17,"Latte, $7, Starbucks",third one this week,WANT,Synthetic rule-based vote; not a real participant response.
SYN046,Wellbeing-balanced,17,"Latte, $7, Starbucks",third one this week,WANT,Synthetic rule-based vote; not a real participant response.
SYN047,Wellbeing-balanced,17,"Latte, $7, Starbucks",third one this week,WANT,Synthetic rule-based vote; not a real participant response.
SYN048,Wellbeing-balanced,17,"Latte, $7, Starbucks",third one this week,WANT,Synthetic rule-based vote; not a real participant response.
SYN049,Wellbeing-balanced,17,"Latte, $7, Starbucks",third one this week,WANT,Synthetic rule-based vote; not a real participant response.
SYN050,Wellbeing-balanced,17,"Latte, $7, Starbucks",third one this week,WANT,Synthetic rule-based vote; not a real participant response.
SYN001,Essentials-first,18,"Food delivery, $32, DoorDash",groceries already at home,WANT,Synthetic rule-based vote; not a real participant response.
SYN002,Essentials-first,18,"Food delivery, $32, DoorDash",groceries already at home,WANT,Synthetic rule-based vote; not a real participant response.
SYN003,Essentials-first,18,"Food delivery, $32, DoorDash",groceries already at home,WANT,Synthetic rule-based vote; not a real participant response.
SYN004,Essentials-first,18,"Food delivery, $32, DoorDash",groceries already at home,WANT,Synthetic rule-based vote; not a real participant response.
SYN005,Essentials-first,18,"Food delivery, $32, DoorDash",groceries already at home,WANT,Synthetic rule-based vote; not a real participant response.
SYN006,Essentials-first,18,"Food delivery, $32, DoorDash",groceries already at home,WANT,Synthetic rule-based vote; not a real participant response.
SYN007,Essentials-first,18,"Food delivery, $32, DoorDash",groceries already at home,WANT,Synthetic rule-based vote; not a real participant response.
SYN008,Essentials-first,18,"Food delivery, $32, DoorDash",groceries already at home,WANT,Synthetic rule-based vote; not a real participant response.
SYN009,Essentials-first,18,"Food delivery, $32, DoorDash",groceries already at home,WANT,Synthetic rule-based vote; not a real participant response.
SYN010,Essentials-first,18,"Food delivery, $32, DoorDash",groceries already at home,WANT,Synthetic rule-based vote; not a real participant response.
SYN011,Budget-guarding,18,"Food delivery, $32, DoorDash",groceries already at home,WANT,Synthetic rule-based vote; not a real participant response.
SYN012,Budget-guarding,18,"Food delivery, $32, DoorDash",groceries already at home,WANT,Synthetic rule-based vote; not a real participant response.
SYN013,Budget-guarding,18,"Food delivery, $32, DoorDash",groceries already at home,WANT,Synthetic rule-based vote; not a real participant response.
SYN014,Budget-guarding,18,"Food delivery, $32, DoorDash",groceries already at home,WANT,Synthetic rule-based vote; not a real participant response.
SYN015,Budget-guarding,18,"Food delivery, $32, DoorDash",groceries already at home,WANT,Synthetic rule-based vote; not a real participant response.
SYN016,Budget-guarding,18,"Food delivery, $32, DoorDash",groceries already at home,WANT,Synthetic rule-based vote; not a real participant response.
SYN017,Budget-guarding,18,"Food delivery, $32, DoorDash",groceries already at home,WANT,Synthetic rule-based vote; not a real participant response.
SYN018,Budget-guarding,18,"Food delivery, $32, DoorDash",groceries already at home,WANT,Synthetic rule-based vote; not a real participant response.
SYN019,Budget-guarding,18,"Food delivery, $32, DoorDash",groceries already at home,WANT,Synthetic rule-based vote; not a real participant response.
SYN020,Budget-guarding,18,"Food delivery, $32, DoorDash",groceries already at home,WANT,Synthetic rule-based vote; not a real participant response.
SYN021,Context-first,18,"Food delivery, $32, DoorDash",groceries already at home,WANT,Synthetic rule-based vote; not a real participant response.
SYN022,Context-first,18,"Food delivery, $32, DoorDash",groceries already at home,WANT,Synthetic rule-based vote; not a real participant response.
SYN023,Context-first,18,"Food delivery, $32, DoorDash",groceries already at home,WANT,Synthetic rule-based vote; not a real participant response.
SYN024,Context-first,18,"Food delivery, $32, DoorDash",groceries already at home,WANT,Synthetic rule-based vote; not a real participant response.
SYN025,Context-first,18,"Food delivery, $32, DoorDash",groceries already at home,WANT,Synthetic rule-based vote; not a real participant response.
SYN026,Context-first,18,"Food delivery, $32, DoorDash",groceries already at home,WANT,Synthetic rule-based vote; not a real participant response.
SYN027,Context-first,18,"Food delivery, $32, DoorDash",groceries already at home,WANT,Synthetic rule-based vote; not a real participant response.
SYN028,Context-first,18,"Food delivery, $32, DoorDash",groceries already at home,WANT,Synthetic rule-based vote; not a real participant response.
SYN029,Context-first,18,"Food delivery, $32, DoorDash",groceries already at home,WANT,Synthetic rule-based vote; not a real participant response.
SYN030,Context-first,18,"Food delivery, $32, DoorDash",groceries already at home,WANT,Synthetic rule-based vote; not a real participant response.
SYN031,Family-care priority,18,"Food delivery, $32, DoorDash",groceries already at home,WANT,Synthetic rule-based vote; not a real participant response.
SYN032,Family-care priority,18,"Food delivery, $32, DoorDash",groceries already at home,WANT,Synthetic rule-based vote; not a real participant response.
SYN033,Family-care priority,18,"Food delivery, $32, DoorDash",groceries already at home,WANT,Synthetic rule-based vote; not a real participant response.
SYN034,Family-care priority,18,"Food delivery, $32, DoorDash",groceries already at home,WANT,Synthetic rule-based vote; not a real participant response.
SYN035,Family-care priority,18,"Food delivery, $32, DoorDash",groceries already at home,WANT,Synthetic rule-based vote; not a real participant response.
SYN036,Family-care priority,18,"Food delivery, $32, DoorDash",groceries already at home,WANT,Synthetic rule-based vote; not a real participant response.
SYN037,Family-care priority,18,"Food delivery, $32, DoorDash",groceries already at home,WANT,Synthetic rule-based vote; not a real participant response.
SYN038,Family-care priority,18,"Food delivery, $32, DoorDash",groceries already at home,WANT,Synthetic rule-based vote; not a real participant response.
SYN039,Family-care priority,18,"Food delivery, $32, DoorDash",groceries already at home,WANT,Synthetic rule-based vote; not a real participant response.
SYN040,Family-care priority,18,"Food delivery, $32, DoorDash",groceries already at home,WANT,Synthetic rule-based vote; not a real participant response.
SYN041,Wellbeing-balanced,18,"Food delivery, $32, DoorDash",groceries already at home,WANT,Synthetic rule-based vote; not a real participant response.
SYN042,Wellbeing-balanced,18,"Food delivery, $32, DoorDash",groceries already at home,WANT,Synthetic rule-based vote; not a real participant response.
SYN043,Wellbeing-balanced,18,"Food delivery, $32, DoorDash",groceries already at home,WANT,Synthetic rule-based vote; not a real participant response.
SYN044,Wellbeing-balanced,18,"Food delivery, $32, DoorDash",groceries already at home,WANT,Synthetic rule-based vote; not a real participant response.
SYN045,Wellbeing-balanced,18,"Food delivery, $32, DoorDash",groceries already at home,WANT,Synthetic rule-based vote; not a real participant response.
SYN046,Wellbeing-balanced,18,"Food delivery, $32, DoorDash",groceries already at home,WANT,Synthetic rule-based vote; not a real participant response.
SYN047,Wellbeing-balanced,18,"Food delivery, $32, DoorDash",groceries already at home,WANT,Synthetic rule-based vote; not a real participant response.
SYN048,Wellbeing-balanced,18,"Food delivery, $32, DoorDash",groceries already at home,WANT,Synthetic rule-based vote; not a real participant response.
SYN049,Wellbeing-balanced,18,"Food delivery, $32, DoorDash",groceries already at home,WANT,Synthetic rule-based vote; not a real participant response.
SYN050,Wellbeing-balanced,18,"Food delivery, $32, DoorDash",groceries already at home,WANT,Synthetic rule-based vote; not a real participant response.
SYN001,Essentials-first,19,"New video game, $70, PlayStation Store",day one release,WANT,Synthetic rule-based vote; not a real participant response.
SYN002,Essentials-first,19,"New video game, $70, PlayStation Store",day one release,WANT,Synthetic rule-based vote; not a real participant response.
SYN003,Essentials-first,19,"New video game, $70, PlayStation Store",day one release,WANT,Synthetic rule-based vote; not a real participant response.
SYN004,Essentials-first,19,"New video game, $70, PlayStation Store",day one release,WANT,Synthetic rule-based vote; not a real participant response.
SYN005,Essentials-first,19,"New video game, $70, PlayStation Store",day one release,WANT,Synthetic rule-based vote; not a real participant response.
SYN006,Essentials-first,19,"New video game, $70, PlayStation Store",day one release,WANT,Synthetic rule-based vote; not a real participant response.
SYN007,Essentials-first,19,"New video game, $70, PlayStation Store",day one release,WANT,Synthetic rule-based vote; not a real participant response.
SYN008,Essentials-first,19,"New video game, $70, PlayStation Store",day one release,WANT,Synthetic rule-based vote; not a real participant response.
SYN009,Essentials-first,19,"New video game, $70, PlayStation Store",day one release,WANT,Synthetic rule-based vote; not a real participant response.
SYN010,Essentials-first,19,"New video game, $70, PlayStation Store",day one release,WANT,Synthetic rule-based vote; not a real participant response.
SYN011,Budget-guarding,19,"New video game, $70, PlayStation Store",day one release,WANT,Synthetic rule-based vote; not a real participant response.
SYN012,Budget-guarding,19,"New video game, $70, PlayStation Store",day one release,WANT,Synthetic rule-based vote; not a real participant response.
SYN013,Budget-guarding,19,"New video game, $70, PlayStation Store",day one release,WANT,Synthetic rule-based vote; not a real participant response.
SYN014,Budget-guarding,19,"New video game, $70, PlayStation Store",day one release,WANT,Synthetic rule-based vote; not a real participant response.
SYN015,Budget-guarding,19,"New video game, $70, PlayStation Store",day one release,WANT,Synthetic rule-based vote; not a real participant response.
SYN016,Budget-guarding,19,"New video game, $70, PlayStation Store",day one release,WANT,Synthetic rule-based vote; not a real participant response.
SYN017,Budget-guarding,19,"New video game, $70, PlayStation Store",day one release,WANT,Synthetic rule-based vote; not a real participant response.
SYN018,Budget-guarding,19,"New video game, $70, PlayStation Store",day one release,WANT,Synthetic rule-based vote; not a real participant response.
SYN019,Budget-guarding,19,"New video game, $70, PlayStation Store",day one release,WANT,Synthetic rule-based vote; not a real participant response.
SYN020,Budget-guarding,19,"New video game, $70, PlayStation Store",day one release,WANT,Synthetic rule-based vote; not a real participant response.
SYN021,Context-first,19,"New video game, $70, PlayStation Store",day one release,WANT,Synthetic rule-based vote; not a real participant response.
SYN022,Context-first,19,"New video game, $70, PlayStation Store",day one release,WANT,Synthetic rule-based vote; not a real participant response.
SYN023,Context-first,19,"New video game, $70, PlayStation Store",day one release,WANT,Synthetic rule-based vote; not a real participant response.
SYN024,Context-first,19,"New video game, $70, PlayStation Store",day one release,WANT,Synthetic rule-based vote; not a real participant response.
SYN025,Context-first,19,"New video game, $70, PlayStation Store",day one release,WANT,Synthetic rule-based vote; not a real participant response.
SYN026,Context-first,19,"New video game, $70, PlayStation Store",day one release,WANT,Synthetic rule-based vote; not a real participant response.
SYN027,Context-first,19,"New video game, $70, PlayStation Store",day one release,WANT,Synthetic rule-based vote; not a real participant response.
SYN028,Context-first,19,"New video game, $70, PlayStation Store",day one release,WANT,Synthetic rule-based vote; not a real participant response.
SYN029,Context-first,19,"New video game, $70, PlayStation Store",day one release,WANT,Synthetic rule-based vote; not a real participant response.
SYN030,Context-first,19,"New video game, $70, PlayStation Store",day one release,WANT,Synthetic rule-based vote; not a real participant response.
SYN031,Family-care priority,19,"New video game, $70, PlayStation Store",day one release,WANT,Synthetic rule-based vote; not a real participant response.
SYN032,Family-care priority,19,"New video game, $70, PlayStation Store",day one release,WANT,Synthetic rule-based vote; not a real participant response.
SYN033,Family-care priority,19,"New video game, $70, PlayStation Store",day one release,WANT,Synthetic rule-based vote; not a real participant response.
SYN034,Family-care priority,19,"New video game, $70, PlayStation Store",day one release,WANT,Synthetic rule-based vote; not a real participant response.
SYN035,Family-care priority,19,"New video game, $70, PlayStation Store",day one release,WANT,Synthetic rule-based vote; not a real participant response.
SYN036,Family-care priority,19,"New video game, $70, PlayStation Store",day one release,WANT,Synthetic rule-based vote; not a real participant response.
SYN037,Family-care priority,19,"New video game, $70, PlayStation Store",day one release,WANT,Synthetic rule-based vote; not a real participant response.
SYN038,Family-care priority,19,"New video game, $70, PlayStation Store",day one release,WANT,Synthetic rule-based vote; not a real participant response.
SYN039,Family-care priority,19,"New video game, $70, PlayStation Store",day one release,WANT,Synthetic rule-based vote; not a real participant response.
SYN040,Family-care priority,19,"New video game, $70, PlayStation Store",day one release,WANT,Synthetic rule-based vote; not a real participant response.
SYN041,Wellbeing-balanced,19,"New video game, $70, PlayStation Store",day one release,WANT,Synthetic rule-based vote; not a real participant response.
SYN042,Wellbeing-balanced,19,"New video game, $70, PlayStation Store",day one release,WANT,Synthetic rule-based vote; not a real participant response.
SYN043,Wellbeing-balanced,19,"New video game, $70, PlayStation Store",day one release,WANT,Synthetic rule-based vote; not a real participant response.
SYN044,Wellbeing-balanced,19,"New video game, $70, PlayStation Store",day one release,WANT,Synthetic rule-based vote; not a real participant response.
SYN045,Wellbeing-balanced,19,"New video game, $70, PlayStation Store",day one release,WANT,Synthetic rule-based vote; not a real participant response.
SYN046,Wellbeing-balanced,19,"New video game, $70, PlayStation Store",day one release,WANT,Synthetic rule-based vote; not a real participant response.
SYN047,Wellbeing-balanced,19,"New video game, $70, PlayStation Store",day one release,WANT,Synthetic rule-based vote; not a real participant response.
SYN048,Wellbeing-balanced,19,"New video game, $70, PlayStation Store",day one release,WANT,Synthetic rule-based vote; not a real participant response.
SYN049,Wellbeing-balanced,19,"New video game, $70, PlayStation Store",day one release,WANT,Synthetic rule-based vote; not a real participant response.
SYN050,Wellbeing-balanced,19,"New video game, $70, PlayStation Store",day one release,WANT,Synthetic rule-based vote; not a real participant response.
SYN001,Essentials-first,20,"Jordans, $190, Foot Locker",owns four pairs of sneakers,WANT,Synthetic rule-based vote; not a real participant response.
SYN002,Essentials-first,20,"Jordans, $190, Foot Locker",owns four pairs of sneakers,WANT,Synthetic rule-based vote; not a real participant response.
SYN003,Essentials-first,20,"Jordans, $190, Foot Locker",owns four pairs of sneakers,WANT,Synthetic rule-based vote; not a real participant response.
SYN004,Essentials-first,20,"Jordans, $190, Foot Locker",owns four pairs of sneakers,WANT,Synthetic rule-based vote; not a real participant response.
SYN005,Essentials-first,20,"Jordans, $190, Foot Locker",owns four pairs of sneakers,WANT,Synthetic rule-based vote; not a real participant response.
SYN006,Essentials-first,20,"Jordans, $190, Foot Locker",owns four pairs of sneakers,WANT,Synthetic rule-based vote; not a real participant response.
SYN007,Essentials-first,20,"Jordans, $190, Foot Locker",owns four pairs of sneakers,WANT,Synthetic rule-based vote; not a real participant response.
SYN008,Essentials-first,20,"Jordans, $190, Foot Locker",owns four pairs of sneakers,WANT,Synthetic rule-based vote; not a real participant response.
SYN009,Essentials-first,20,"Jordans, $190, Foot Locker",owns four pairs of sneakers,WANT,Synthetic rule-based vote; not a real participant response.
SYN010,Essentials-first,20,"Jordans, $190, Foot Locker",owns four pairs of sneakers,WANT,Synthetic rule-based vote; not a real participant response.
SYN011,Budget-guarding,20,"Jordans, $190, Foot Locker",owns four pairs of sneakers,WANT,Synthetic rule-based vote; not a real participant response.
SYN012,Budget-guarding,20,"Jordans, $190, Foot Locker",owns four pairs of sneakers,WANT,Synthetic rule-based vote; not a real participant response.
SYN013,Budget-guarding,20,"Jordans, $190, Foot Locker",owns four pairs of sneakers,WANT,Synthetic rule-based vote; not a real participant response.
SYN014,Budget-guarding,20,"Jordans, $190, Foot Locker",owns four pairs of sneakers,WANT,Synthetic rule-based vote; not a real participant response.
SYN015,Budget-guarding,20,"Jordans, $190, Foot Locker",owns four pairs of sneakers,WANT,Synthetic rule-based vote; not a real participant response.
SYN016,Budget-guarding,20,"Jordans, $190, Foot Locker",owns four pairs of sneakers,WANT,Synthetic rule-based vote; not a real participant response.
SYN017,Budget-guarding,20,"Jordans, $190, Foot Locker",owns four pairs of sneakers,WANT,Synthetic rule-based vote; not a real participant response.
SYN018,Budget-guarding,20,"Jordans, $190, Foot Locker",owns four pairs of sneakers,WANT,Synthetic rule-based vote; not a real participant response.
SYN019,Budget-guarding,20,"Jordans, $190, Foot Locker",owns four pairs of sneakers,WANT,Synthetic rule-based vote; not a real participant response.
SYN020,Budget-guarding,20,"Jordans, $190, Foot Locker",owns four pairs of sneakers,WANT,Synthetic rule-based vote; not a real participant response.
SYN021,Context-first,20,"Jordans, $190, Foot Locker",owns four pairs of sneakers,WANT,Synthetic rule-based vote; not a real participant response.
SYN022,Context-first,20,"Jordans, $190, Foot Locker",owns four pairs of sneakers,WANT,Synthetic rule-based vote; not a real participant response.
SYN023,Context-first,20,"Jordans, $190, Foot Locker",owns four pairs of sneakers,WANT,Synthetic rule-based vote; not a real participant response.
SYN024,Context-first,20,"Jordans, $190, Foot Locker",owns four pairs of sneakers,WANT,Synthetic rule-based vote; not a real participant response.
SYN025,Context-first,20,"Jordans, $190, Foot Locker",owns four pairs of sneakers,WANT,Synthetic rule-based vote; not a real participant response.
SYN026,Context-first,20,"Jordans, $190, Foot Locker",owns four pairs of sneakers,WANT,Synthetic rule-based vote; not a real participant response.
SYN027,Context-first,20,"Jordans, $190, Foot Locker",owns four pairs of sneakers,WANT,Synthetic rule-based vote; not a real participant response.
SYN028,Context-first,20,"Jordans, $190, Foot Locker",owns four pairs of sneakers,WANT,Synthetic rule-based vote; not a real participant response.
SYN029,Context-first,20,"Jordans, $190, Foot Locker",owns four pairs of sneakers,WANT,Synthetic rule-based vote; not a real participant response.
SYN030,Context-first,20,"Jordans, $190, Foot Locker",owns four pairs of sneakers,WANT,Synthetic rule-based vote; not a real participant response.
SYN031,Family-care priority,20,"Jordans, $190, Foot Locker",owns four pairs of sneakers,WANT,Synthetic rule-based vote; not a real participant response.
SYN032,Family-care priority,20,"Jordans, $190, Foot Locker",owns four pairs of sneakers,WANT,Synthetic rule-based vote; not a real participant response.
SYN033,Family-care priority,20,"Jordans, $190, Foot Locker",owns four pairs of sneakers,WANT,Synthetic rule-based vote; not a real participant response.
SYN034,Family-care priority,20,"Jordans, $190, Foot Locker",owns four pairs of sneakers,WANT,Synthetic rule-based vote; not a real participant response.
SYN035,Family-care priority,20,"Jordans, $190, Foot Locker",owns four pairs of sneakers,WANT,Synthetic rule-based vote; not a real participant response.
SYN036,Family-care priority,20,"Jordans, $190, Foot Locker",owns four pairs of sneakers,WANT,Synthetic rule-based vote; not a real participant response.
SYN037,Family-care priority,20,"Jordans, $190, Foot Locker",owns four pairs of sneakers,WANT,Synthetic rule-based vote; not a real participant response.
SYN038,Family-care priority,20,"Jordans, $190, Foot Locker",owns four pairs of sneakers,WANT,Synthetic rule-based vote; not a real participant response.
SYN039,Family-care priority,20,"Jordans, $190, Foot Locker",owns four pairs of sneakers,WANT,Synthetic rule-based vote; not a real participant response.
SYN040,Family-care priority,20,"Jordans, $190, Foot Locker",owns four pairs of sneakers,WANT,Synthetic rule-based vote; not a real participant response.
SYN041,Wellbeing-balanced,20,"Jordans, $190, Foot Locker",owns four pairs of sneakers,WANT,Synthetic rule-based vote; not a real participant response.
SYN042,Wellbeing-balanced,20,"Jordans, $190, Foot Locker",owns four pairs of sneakers,WANT,Synthetic rule-based vote; not a real participant response.
SYN043,Wellbeing-balanced,20,"Jordans, $190, Foot Locker",owns four pairs of sneakers,WANT,Synthetic rule-based vote; not a real participant response.
SYN044,Wellbeing-balanced,20,"Jordans, $190, Foot Locker",owns four pairs of sneakers,WANT,Synthetic rule-based vote; not a real participant response.
SYN045,Wellbeing-balanced,20,"Jordans, $190, Foot Locker",owns four pairs of sneakers,WANT,Synthetic rule-based vote; not a real participant response.
SYN046,Wellbeing-balanced,20,"Jordans, $190, Foot Locker",owns four pairs of sneakers,WANT,Synthetic rule-based vote; not a real participant response.
SYN047,Wellbeing-balanced,20,"Jordans, $190, Foot Locker",owns four pairs of sneakers,WANT,Synthetic rule-based vote; not a real participant response.
SYN048,Wellbeing-balanced,20,"Jordans, $190, Foot Locker",owns four pairs of sneakers,WANT,Synthetic rule-based vote; not a real participant response.
SYN049,Wellbeing-balanced,20,"Jordans, $190, Foot Locker",owns four pairs of sneakers,WANT,Synthetic rule-based vote; not a real participant response.
SYN050,Wellbeing-balanced,20,"Jordans, $190, Foot Locker",owns four pairs of sneakers,WANT,Synthetic rule-based vote; not a real participant response.
SYN001,Essentials-first,21,"Third hoodie this month, $55, online store",already bought two this month,WANT,Synthetic rule-based vote; not a real participant response.
SYN002,Essentials-first,21,"Third hoodie this month, $55, online store",already bought two this month,WANT,Synthetic rule-based vote; not a real participant response.
SYN003,Essentials-first,21,"Third hoodie this month, $55, online store",already bought two this month,WANT,Synthetic rule-based vote; not a real participant response.
SYN004,Essentials-first,21,"Third hoodie this month, $55, online store",already bought two this month,WANT,Synthetic rule-based vote; not a real participant response.
SYN005,Essentials-first,21,"Third hoodie this month, $55, online store",already bought two this month,WANT,Synthetic rule-based vote; not a real participant response.
SYN006,Essentials-first,21,"Third hoodie this month, $55, online store",already bought two this month,WANT,Synthetic rule-based vote; not a real participant response.
SYN007,Essentials-first,21,"Third hoodie this month, $55, online store",already bought two this month,WANT,Synthetic rule-based vote; not a real participant response.
SYN008,Essentials-first,21,"Third hoodie this month, $55, online store",already bought two this month,WANT,Synthetic rule-based vote; not a real participant response.
SYN009,Essentials-first,21,"Third hoodie this month, $55, online store",already bought two this month,WANT,Synthetic rule-based vote; not a real participant response.
SYN010,Essentials-first,21,"Third hoodie this month, $55, online store",already bought two this month,WANT,Synthetic rule-based vote; not a real participant response.
SYN011,Budget-guarding,21,"Third hoodie this month, $55, online store",already bought two this month,WANT,Synthetic rule-based vote; not a real participant response.
SYN012,Budget-guarding,21,"Third hoodie this month, $55, online store",already bought two this month,WANT,Synthetic rule-based vote; not a real participant response.
SYN013,Budget-guarding,21,"Third hoodie this month, $55, online store",already bought two this month,WANT,Synthetic rule-based vote; not a real participant response.
SYN014,Budget-guarding,21,"Third hoodie this month, $55, online store",already bought two this month,WANT,Synthetic rule-based vote; not a real participant response.
SYN015,Budget-guarding,21,"Third hoodie this month, $55, online store",already bought two this month,WANT,Synthetic rule-based vote; not a real participant response.
SYN016,Budget-guarding,21,"Third hoodie this month, $55, online store",already bought two this month,WANT,Synthetic rule-based vote; not a real participant response.
SYN017,Budget-guarding,21,"Third hoodie this month, $55, online store",already bought two this month,WANT,Synthetic rule-based vote; not a real participant response.
SYN018,Budget-guarding,21,"Third hoodie this month, $55, online store",already bought two this month,WANT,Synthetic rule-based vote; not a real participant response.
SYN019,Budget-guarding,21,"Third hoodie this month, $55, online store",already bought two this month,WANT,Synthetic rule-based vote; not a real participant response.
SYN020,Budget-guarding,21,"Third hoodie this month, $55, online store",already bought two this month,WANT,Synthetic rule-based vote; not a real participant response.
SYN021,Context-first,21,"Third hoodie this month, $55, online store",already bought two this month,WANT,Synthetic rule-based vote; not a real participant response.
SYN022,Context-first,21,"Third hoodie this month, $55, online store",already bought two this month,WANT,Synthetic rule-based vote; not a real participant response.
SYN023,Context-first,21,"Third hoodie this month, $55, online store",already bought two this month,WANT,Synthetic rule-based vote; not a real participant response.
SYN024,Context-first,21,"Third hoodie this month, $55, online store",already bought two this month,WANT,Synthetic rule-based vote; not a real participant response.
SYN025,Context-first,21,"Third hoodie this month, $55, online store",already bought two this month,WANT,Synthetic rule-based vote; not a real participant response.
SYN026,Context-first,21,"Third hoodie this month, $55, online store",already bought two this month,WANT,Synthetic rule-based vote; not a real participant response.
SYN027,Context-first,21,"Third hoodie this month, $55, online store",already bought two this month,WANT,Synthetic rule-based vote; not a real participant response.
SYN028,Context-first,21,"Third hoodie this month, $55, online store",already bought two this month,WANT,Synthetic rule-based vote; not a real participant response.
SYN029,Context-first,21,"Third hoodie this month, $55, online store",already bought two this month,WANT,Synthetic rule-based vote; not a real participant response.
SYN030,Context-first,21,"Third hoodie this month, $55, online store",already bought two this month,WANT,Synthetic rule-based vote; not a real participant response.
SYN031,Family-care priority,21,"Third hoodie this month, $55, online store",already bought two this month,WANT,Synthetic rule-based vote; not a real participant response.
SYN032,Family-care priority,21,"Third hoodie this month, $55, online store",already bought two this month,WANT,Synthetic rule-based vote; not a real participant response.
SYN033,Family-care priority,21,"Third hoodie this month, $55, online store",already bought two this month,WANT,Synthetic rule-based vote; not a real participant response.
SYN034,Family-care priority,21,"Third hoodie this month, $55, online store",already bought two this month,WANT,Synthetic rule-based vote; not a real participant response.
SYN035,Family-care priority,21,"Third hoodie this month, $55, online store",already bought two this month,WANT,Synthetic rule-based vote; not a real participant response.
SYN036,Family-care priority,21,"Third hoodie this month, $55, online store",already bought two this month,WANT,Synthetic rule-based vote; not a real participant response.
SYN037,Family-care priority,21,"Third hoodie this month, $55, online store",already bought two this month,WANT,Synthetic rule-based vote; not a real participant response.
SYN038,Family-care priority,21,"Third hoodie this month, $55, online store",already bought two this month,WANT,Synthetic rule-based vote; not a real participant response.
SYN039,Family-care priority,21,"Third hoodie this month, $55, online store",already bought two this month,WANT,Synthetic rule-based vote; not a real participant response.
SYN040,Family-care priority,21,"Third hoodie this month, $55, online store",already bought two this month,WANT,Synthetic rule-based vote; not a real participant response.
SYN041,Wellbeing-balanced,21,"Third hoodie this month, $55, online store",already bought two this month,WANT,Synthetic rule-based vote; not a real participant response.
SYN042,Wellbeing-balanced,21,"Third hoodie this month, $55, online store",already bought two this month,WANT,Synthetic rule-based vote; not a real participant response.
SYN043,Wellbeing-balanced,21,"Third hoodie this month, $55, online store",already bought two this month,WANT,Synthetic rule-based vote; not a real participant response.
SYN044,Wellbeing-balanced,21,"Third hoodie this month, $55, online store",already bought two this month,WANT,Synthetic rule-based vote; not a real participant response.
SYN045,Wellbeing-balanced,21,"Third hoodie this month, $55, online store",already bought two this month,WANT,Synthetic rule-based vote; not a real participant response.
SYN046,Wellbeing-balanced,21,"Third hoodie this month, $55, online store",already bought two this month,WANT,Synthetic rule-based vote; not a real participant response.
SYN047,Wellbeing-balanced,21,"Third hoodie this month, $55, online store",already bought two this month,WANT,Synthetic rule-based vote; not a real participant response.
SYN048,Wellbeing-balanced,21,"Third hoodie this month, $55, online store",already bought two this month,WANT,Synthetic rule-based vote; not a real participant response.
SYN049,Wellbeing-balanced,21,"Third hoodie this month, $55, online store",already bought two this month,WANT,Synthetic rule-based vote; not a real participant response.
SYN050,Wellbeing-balanced,21,"Third hoodie this month, $55, online store",already bought two this month,WANT,Synthetic rule-based vote; not a real participant response.
SYN001,Essentials-first,22,"Uber for 0.8 miles, $14","sunny afternoon, walkable",WANT,Synthetic rule-based vote; not a real participant response.
SYN002,Essentials-first,22,"Uber for 0.8 miles, $14","sunny afternoon, walkable",WANT,Synthetic rule-based vote; not a real participant response.
SYN003,Essentials-first,22,"Uber for 0.8 miles, $14","sunny afternoon, walkable",WANT,Synthetic rule-based vote; not a real participant response.
SYN004,Essentials-first,22,"Uber for 0.8 miles, $14","sunny afternoon, walkable",WANT,Synthetic rule-based vote; not a real participant response.
SYN005,Essentials-first,22,"Uber for 0.8 miles, $14","sunny afternoon, walkable",WANT,Synthetic rule-based vote; not a real participant response.
SYN006,Essentials-first,22,"Uber for 0.8 miles, $14","sunny afternoon, walkable",WANT,Synthetic rule-based vote; not a real participant response.
SYN007,Essentials-first,22,"Uber for 0.8 miles, $14","sunny afternoon, walkable",WANT,Synthetic rule-based vote; not a real participant response.
SYN008,Essentials-first,22,"Uber for 0.8 miles, $14","sunny afternoon, walkable",WANT,Synthetic rule-based vote; not a real participant response.
SYN009,Essentials-first,22,"Uber for 0.8 miles, $14","sunny afternoon, walkable",WANT,Synthetic rule-based vote; not a real participant response.
SYN010,Essentials-first,22,"Uber for 0.8 miles, $14","sunny afternoon, walkable",WANT,Synthetic rule-based vote; not a real participant response.
SYN011,Budget-guarding,22,"Uber for 0.8 miles, $14","sunny afternoon, walkable",WANT,Synthetic rule-based vote; not a real participant response.
SYN012,Budget-guarding,22,"Uber for 0.8 miles, $14","sunny afternoon, walkable",WANT,Synthetic rule-based vote; not a real participant response.
SYN013,Budget-guarding,22,"Uber for 0.8 miles, $14","sunny afternoon, walkable",WANT,Synthetic rule-based vote; not a real participant response.
SYN014,Budget-guarding,22,"Uber for 0.8 miles, $14","sunny afternoon, walkable",WANT,Synthetic rule-based vote; not a real participant response.
SYN015,Budget-guarding,22,"Uber for 0.8 miles, $14","sunny afternoon, walkable",WANT,Synthetic rule-based vote; not a real participant response.
SYN016,Budget-guarding,22,"Uber for 0.8 miles, $14","sunny afternoon, walkable",WANT,Synthetic rule-based vote; not a real participant response.
SYN017,Budget-guarding,22,"Uber for 0.8 miles, $14","sunny afternoon, walkable",WANT,Synthetic rule-based vote; not a real participant response.
SYN018,Budget-guarding,22,"Uber for 0.8 miles, $14","sunny afternoon, walkable",WANT,Synthetic rule-based vote; not a real participant response.
SYN019,Budget-guarding,22,"Uber for 0.8 miles, $14","sunny afternoon, walkable",WANT,Synthetic rule-based vote; not a real participant response.
SYN020,Budget-guarding,22,"Uber for 0.8 miles, $14","sunny afternoon, walkable",WANT,Synthetic rule-based vote; not a real participant response.
SYN021,Context-first,22,"Uber for 0.8 miles, $14","sunny afternoon, walkable",WANT,Synthetic rule-based vote; not a real participant response.
SYN022,Context-first,22,"Uber for 0.8 miles, $14","sunny afternoon, walkable",WANT,Synthetic rule-based vote; not a real participant response.
SYN023,Context-first,22,"Uber for 0.8 miles, $14","sunny afternoon, walkable",WANT,Synthetic rule-based vote; not a real participant response.
SYN024,Context-first,22,"Uber for 0.8 miles, $14","sunny afternoon, walkable",WANT,Synthetic rule-based vote; not a real participant response.
SYN025,Context-first,22,"Uber for 0.8 miles, $14","sunny afternoon, walkable",WANT,Synthetic rule-based vote; not a real participant response.
SYN026,Context-first,22,"Uber for 0.8 miles, $14","sunny afternoon, walkable",WANT,Synthetic rule-based vote; not a real participant response.
SYN027,Context-first,22,"Uber for 0.8 miles, $14","sunny afternoon, walkable",WANT,Synthetic rule-based vote; not a real participant response.
SYN028,Context-first,22,"Uber for 0.8 miles, $14","sunny afternoon, walkable",WANT,Synthetic rule-based vote; not a real participant response.
SYN029,Context-first,22,"Uber for 0.8 miles, $14","sunny afternoon, walkable",WANT,Synthetic rule-based vote; not a real participant response.
SYN030,Context-first,22,"Uber for 0.8 miles, $14","sunny afternoon, walkable",WANT,Synthetic rule-based vote; not a real participant response.
SYN031,Family-care priority,22,"Uber for 0.8 miles, $14","sunny afternoon, walkable",WANT,Synthetic rule-based vote; not a real participant response.
SYN032,Family-care priority,22,"Uber for 0.8 miles, $14","sunny afternoon, walkable",WANT,Synthetic rule-based vote; not a real participant response.
SYN033,Family-care priority,22,"Uber for 0.8 miles, $14","sunny afternoon, walkable",WANT,Synthetic rule-based vote; not a real participant response.
SYN034,Family-care priority,22,"Uber for 0.8 miles, $14","sunny afternoon, walkable",WANT,Synthetic rule-based vote; not a real participant response.
SYN035,Family-care priority,22,"Uber for 0.8 miles, $14","sunny afternoon, walkable",WANT,Synthetic rule-based vote; not a real participant response.
SYN036,Family-care priority,22,"Uber for 0.8 miles, $14","sunny afternoon, walkable",WANT,Synthetic rule-based vote; not a real participant response.
SYN037,Family-care priority,22,"Uber for 0.8 miles, $14","sunny afternoon, walkable",WANT,Synthetic rule-based vote; not a real participant response.
SYN038,Family-care priority,22,"Uber for 0.8 miles, $14","sunny afternoon, walkable",WANT,Synthetic rule-based vote; not a real participant response.
SYN039,Family-care priority,22,"Uber for 0.8 miles, $14","sunny afternoon, walkable",WANT,Synthetic rule-based vote; not a real participant response.
SYN040,Family-care priority,22,"Uber for 0.8 miles, $14","sunny afternoon, walkable",WANT,Synthetic rule-based vote; not a real participant response.
SYN041,Wellbeing-balanced,22,"Uber for 0.8 miles, $14","sunny afternoon, walkable",WANT,Synthetic rule-based vote; not a real participant response.
SYN042,Wellbeing-balanced,22,"Uber for 0.8 miles, $14","sunny afternoon, walkable",WANT,Synthetic rule-based vote; not a real participant response.
SYN043,Wellbeing-balanced,22,"Uber for 0.8 miles, $14","sunny afternoon, walkable",WANT,Synthetic rule-based vote; not a real participant response.
SYN044,Wellbeing-balanced,22,"Uber for 0.8 miles, $14","sunny afternoon, walkable",WANT,Synthetic rule-based vote; not a real participant response.
SYN045,Wellbeing-balanced,22,"Uber for 0.8 miles, $14","sunny afternoon, walkable",WANT,Synthetic rule-based vote; not a real participant response.
SYN046,Wellbeing-balanced,22,"Uber for 0.8 miles, $14","sunny afternoon, walkable",WANT,Synthetic rule-based vote; not a real participant response.
SYN047,Wellbeing-balanced,22,"Uber for 0.8 miles, $14","sunny afternoon, walkable",WANT,Synthetic rule-based vote; not a real participant response.
SYN048,Wellbeing-balanced,22,"Uber for 0.8 miles, $14","sunny afternoon, walkable",WANT,Synthetic rule-based vote; not a real participant response.
SYN049,Wellbeing-balanced,22,"Uber for 0.8 miles, $14","sunny afternoon, walkable",WANT,Synthetic rule-based vote; not a real participant response.
SYN050,Wellbeing-balanced,22,"Uber for 0.8 miles, $14","sunny afternoon, walkable",WANT,Synthetic rule-based vote; not a real participant response.
SYN001,Essentials-first,23,"Concert ticket, $85, Ticketmaster",friends are going,DEPENDS,Synthetic rule-based vote; not a real participant response.
SYN002,Essentials-first,23,"Concert ticket, $85, Ticketmaster",friends are going,DEPENDS,Synthetic rule-based vote; not a real participant response.
SYN003,Essentials-first,23,"Concert ticket, $85, Ticketmaster",friends are going,DEPENDS,Synthetic rule-based vote; not a real participant response.
SYN004,Essentials-first,23,"Concert ticket, $85, Ticketmaster",friends are going,DEPENDS,Synthetic rule-based vote; not a real participant response.
SYN005,Essentials-first,23,"Concert ticket, $85, Ticketmaster",friends are going,DEPENDS,Synthetic rule-based vote; not a real participant response.
SYN006,Essentials-first,23,"Concert ticket, $85, Ticketmaster",friends are going,DEPENDS,Synthetic rule-based vote; not a real participant response.
SYN007,Essentials-first,23,"Concert ticket, $85, Ticketmaster",friends are going,DEPENDS,Synthetic rule-based vote; not a real participant response.
SYN008,Essentials-first,23,"Concert ticket, $85, Ticketmaster",friends are going,DEPENDS,Synthetic rule-based vote; not a real participant response.
SYN009,Essentials-first,23,"Concert ticket, $85, Ticketmaster",friends are going,DEPENDS,Synthetic rule-based vote; not a real participant response.
SYN010,Essentials-first,23,"Concert ticket, $85, Ticketmaster",friends are going,DEPENDS,Synthetic rule-based vote; not a real participant response.
SYN011,Budget-guarding,23,"Concert ticket, $85, Ticketmaster",friends are going,WANT,Synthetic rule-based vote; not a real participant response.
SYN012,Budget-guarding,23,"Concert ticket, $85, Ticketmaster",friends are going,WANT,Synthetic rule-based vote; not a real participant response.
SYN013,Budget-guarding,23,"Concert ticket, $85, Ticketmaster",friends are going,WANT,Synthetic rule-based vote; not a real participant response.
SYN014,Budget-guarding,23,"Concert ticket, $85, Ticketmaster",friends are going,WANT,Synthetic rule-based vote; not a real participant response.
SYN015,Budget-guarding,23,"Concert ticket, $85, Ticketmaster",friends are going,WANT,Synthetic rule-based vote; not a real participant response.
SYN016,Budget-guarding,23,"Concert ticket, $85, Ticketmaster",friends are going,WANT,Synthetic rule-based vote; not a real participant response.
SYN017,Budget-guarding,23,"Concert ticket, $85, Ticketmaster",friends are going,WANT,Synthetic rule-based vote; not a real participant response.
SYN018,Budget-guarding,23,"Concert ticket, $85, Ticketmaster",friends are going,WANT,Synthetic rule-based vote; not a real participant response.
SYN019,Budget-guarding,23,"Concert ticket, $85, Ticketmaster",friends are going,WANT,Synthetic rule-based vote; not a real participant response.
SYN020,Budget-guarding,23,"Concert ticket, $85, Ticketmaster",friends are going,WANT,Synthetic rule-based vote; not a real participant response.
SYN021,Context-first,23,"Concert ticket, $85, Ticketmaster",friends are going,DEPENDS,Synthetic rule-based vote; not a real participant response.
SYN022,Context-first,23,"Concert ticket, $85, Ticketmaster",friends are going,DEPENDS,Synthetic rule-based vote; not a real participant response.
SYN023,Context-first,23,"Concert ticket, $85, Ticketmaster",friends are going,DEPENDS,Synthetic rule-based vote; not a real participant response.
SYN024,Context-first,23,"Concert ticket, $85, Ticketmaster",friends are going,DEPENDS,Synthetic rule-based vote; not a real participant response.
SYN025,Context-first,23,"Concert ticket, $85, Ticketmaster",friends are going,DEPENDS,Synthetic rule-based vote; not a real participant response.
SYN026,Context-first,23,"Concert ticket, $85, Ticketmaster",friends are going,DEPENDS,Synthetic rule-based vote; not a real participant response.
SYN027,Context-first,23,"Concert ticket, $85, Ticketmaster",friends are going,DEPENDS,Synthetic rule-based vote; not a real participant response.
SYN028,Context-first,23,"Concert ticket, $85, Ticketmaster",friends are going,DEPENDS,Synthetic rule-based vote; not a real participant response.
SYN029,Context-first,23,"Concert ticket, $85, Ticketmaster",friends are going,DEPENDS,Synthetic rule-based vote; not a real participant response.
SYN030,Context-first,23,"Concert ticket, $85, Ticketmaster",friends are going,DEPENDS,Synthetic rule-based vote; not a real participant response.
SYN031,Family-care priority,23,"Concert ticket, $85, Ticketmaster",friends are going,DEPENDS,Synthetic rule-based vote; not a real participant response.
SYN032,Family-care priority,23,"Concert ticket, $85, Ticketmaster",friends are going,DEPENDS,Synthetic rule-based vote; not a real participant response.
SYN033,Family-care priority,23,"Concert ticket, $85, Ticketmaster",friends are going,DEPENDS,Synthetic rule-based vote; not a real participant response.
SYN034,Family-care priority,23,"Concert ticket, $85, Ticketmaster",friends are going,DEPENDS,Synthetic rule-based vote; not a real participant response.
SYN035,Family-care priority,23,"Concert ticket, $85, Ticketmaster",friends are going,DEPENDS,Synthetic rule-based vote; not a real participant response.
SYN036,Family-care priority,23,"Concert ticket, $85, Ticketmaster",friends are going,DEPENDS,Synthetic rule-based vote; not a real participant response.
SYN037,Family-care priority,23,"Concert ticket, $85, Ticketmaster",friends are going,DEPENDS,Synthetic rule-based vote; not a real participant response.
SYN038,Family-care priority,23,"Concert ticket, $85, Ticketmaster",friends are going,DEPENDS,Synthetic rule-based vote; not a real participant response.
SYN039,Family-care priority,23,"Concert ticket, $85, Ticketmaster",friends are going,DEPENDS,Synthetic rule-based vote; not a real participant response.
SYN040,Family-care priority,23,"Concert ticket, $85, Ticketmaster",friends are going,DEPENDS,Synthetic rule-based vote; not a real participant response.
SYN041,Wellbeing-balanced,23,"Concert ticket, $85, Ticketmaster",friends are going,DEPENDS,Synthetic rule-based vote; not a real participant response.
SYN042,Wellbeing-balanced,23,"Concert ticket, $85, Ticketmaster",friends are going,DEPENDS,Synthetic rule-based vote; not a real participant response.
SYN043,Wellbeing-balanced,23,"Concert ticket, $85, Ticketmaster",friends are going,DEPENDS,Synthetic rule-based vote; not a real participant response.
SYN044,Wellbeing-balanced,23,"Concert ticket, $85, Ticketmaster",friends are going,DEPENDS,Synthetic rule-based vote; not a real participant response.
SYN045,Wellbeing-balanced,23,"Concert ticket, $85, Ticketmaster",friends are going,DEPENDS,Synthetic rule-based vote; not a real participant response.
SYN046,Wellbeing-balanced,23,"Concert ticket, $85, Ticketmaster",friends are going,DEPENDS,Synthetic rule-based vote; not a real participant response.
SYN047,Wellbeing-balanced,23,"Concert ticket, $85, Ticketmaster",friends are going,DEPENDS,Synthetic rule-based vote; not a real participant response.
SYN048,Wellbeing-balanced,23,"Concert ticket, $85, Ticketmaster",friends are going,DEPENDS,Synthetic rule-based vote; not a real participant response.
SYN049,Wellbeing-balanced,23,"Concert ticket, $85, Ticketmaster",friends are going,DEPENDS,Synthetic rule-based vote; not a real participant response.
SYN050,Wellbeing-balanced,23,"Concert ticket, $85, Ticketmaster",friends are going,DEPENDS,Synthetic rule-based vote; not a real participant response.
SYN001,Essentials-first,24,"Fourth streaming subscription, $15",already pays for three,WANT,Synthetic rule-based vote; not a real participant response.
SYN002,Essentials-first,24,"Fourth streaming subscription, $15",already pays for three,WANT,Synthetic rule-based vote; not a real participant response.
SYN003,Essentials-first,24,"Fourth streaming subscription, $15",already pays for three,WANT,Synthetic rule-based vote; not a real participant response.
SYN004,Essentials-first,24,"Fourth streaming subscription, $15",already pays for three,WANT,Synthetic rule-based vote; not a real participant response.
SYN005,Essentials-first,24,"Fourth streaming subscription, $15",already pays for three,WANT,Synthetic rule-based vote; not a real participant response.
SYN006,Essentials-first,24,"Fourth streaming subscription, $15",already pays for three,WANT,Synthetic rule-based vote; not a real participant response.
SYN007,Essentials-first,24,"Fourth streaming subscription, $15",already pays for three,WANT,Synthetic rule-based vote; not a real participant response.
SYN008,Essentials-first,24,"Fourth streaming subscription, $15",already pays for three,WANT,Synthetic rule-based vote; not a real participant response.
SYN009,Essentials-first,24,"Fourth streaming subscription, $15",already pays for three,WANT,Synthetic rule-based vote; not a real participant response.
SYN010,Essentials-first,24,"Fourth streaming subscription, $15",already pays for three,WANT,Synthetic rule-based vote; not a real participant response.
SYN011,Budget-guarding,24,"Fourth streaming subscription, $15",already pays for three,WANT,Synthetic rule-based vote; not a real participant response.
SYN012,Budget-guarding,24,"Fourth streaming subscription, $15",already pays for three,WANT,Synthetic rule-based vote; not a real participant response.
SYN013,Budget-guarding,24,"Fourth streaming subscription, $15",already pays for three,WANT,Synthetic rule-based vote; not a real participant response.
SYN014,Budget-guarding,24,"Fourth streaming subscription, $15",already pays for three,WANT,Synthetic rule-based vote; not a real participant response.
SYN015,Budget-guarding,24,"Fourth streaming subscription, $15",already pays for three,WANT,Synthetic rule-based vote; not a real participant response.
SYN016,Budget-guarding,24,"Fourth streaming subscription, $15",already pays for three,WANT,Synthetic rule-based vote; not a real participant response.
SYN017,Budget-guarding,24,"Fourth streaming subscription, $15",already pays for three,WANT,Synthetic rule-based vote; not a real participant response.
SYN018,Budget-guarding,24,"Fourth streaming subscription, $15",already pays for three,WANT,Synthetic rule-based vote; not a real participant response.
SYN019,Budget-guarding,24,"Fourth streaming subscription, $15",already pays for three,WANT,Synthetic rule-based vote; not a real participant response.
SYN020,Budget-guarding,24,"Fourth streaming subscription, $15",already pays for three,WANT,Synthetic rule-based vote; not a real participant response.
SYN021,Context-first,24,"Fourth streaming subscription, $15",already pays for three,WANT,Synthetic rule-based vote; not a real participant response.
SYN022,Context-first,24,"Fourth streaming subscription, $15",already pays for three,WANT,Synthetic rule-based vote; not a real participant response.
SYN023,Context-first,24,"Fourth streaming subscription, $15",already pays for three,WANT,Synthetic rule-based vote; not a real participant response.
SYN024,Context-first,24,"Fourth streaming subscription, $15",already pays for three,WANT,Synthetic rule-based vote; not a real participant response.
SYN025,Context-first,24,"Fourth streaming subscription, $15",already pays for three,WANT,Synthetic rule-based vote; not a real participant response.
SYN026,Context-first,24,"Fourth streaming subscription, $15",already pays for three,WANT,Synthetic rule-based vote; not a real participant response.
SYN027,Context-first,24,"Fourth streaming subscription, $15",already pays for three,WANT,Synthetic rule-based vote; not a real participant response.
SYN028,Context-first,24,"Fourth streaming subscription, $15",already pays for three,WANT,Synthetic rule-based vote; not a real participant response.
SYN029,Context-first,24,"Fourth streaming subscription, $15",already pays for three,WANT,Synthetic rule-based vote; not a real participant response.
SYN030,Context-first,24,"Fourth streaming subscription, $15",already pays for three,WANT,Synthetic rule-based vote; not a real participant response.
SYN031,Family-care priority,24,"Fourth streaming subscription, $15",already pays for three,WANT,Synthetic rule-based vote; not a real participant response.
SYN032,Family-care priority,24,"Fourth streaming subscription, $15",already pays for three,WANT,Synthetic rule-based vote; not a real participant response.
SYN033,Family-care priority,24,"Fourth streaming subscription, $15",already pays for three,WANT,Synthetic rule-based vote; not a real participant response.
SYN034,Family-care priority,24,"Fourth streaming subscription, $15",already pays for three,WANT,Synthetic rule-based vote; not a real participant response.
SYN035,Family-care priority,24,"Fourth streaming subscription, $15",already pays for three,WANT,Synthetic rule-based vote; not a real participant response.
SYN036,Family-care priority,24,"Fourth streaming subscription, $15",already pays for three,WANT,Synthetic rule-based vote; not a real participant response.
SYN037,Family-care priority,24,"Fourth streaming subscription, $15",already pays for three,WANT,Synthetic rule-based vote; not a real participant response.
SYN038,Family-care priority,24,"Fourth streaming subscription, $15",already pays for three,WANT,Synthetic rule-based vote; not a real participant response.
SYN039,Family-care priority,24,"Fourth streaming subscription, $15",already pays for three,WANT,Synthetic rule-based vote; not a real participant response.
SYN040,Family-care priority,24,"Fourth streaming subscription, $15",already pays for three,WANT,Synthetic rule-based vote; not a real participant response.
SYN041,Wellbeing-balanced,24,"Fourth streaming subscription, $15",already pays for three,WANT,Synthetic rule-based vote; not a real participant response.
SYN042,Wellbeing-balanced,24,"Fourth streaming subscription, $15",already pays for three,WANT,Synthetic rule-based vote; not a real participant response.
SYN043,Wellbeing-balanced,24,"Fourth streaming subscription, $15",already pays for three,WANT,Synthetic rule-based vote; not a real participant response.
SYN044,Wellbeing-balanced,24,"Fourth streaming subscription, $15",already pays for three,WANT,Synthetic rule-based vote; not a real participant response.
SYN045,Wellbeing-balanced,24,"Fourth streaming subscription, $15",already pays for three,WANT,Synthetic rule-based vote; not a real participant response.
SYN046,Wellbeing-balanced,24,"Fourth streaming subscription, $15",already pays for three,WANT,Synthetic rule-based vote; not a real participant response.
SYN047,Wellbeing-balanced,24,"Fourth streaming subscription, $15",already pays for three,WANT,Synthetic rule-based vote; not a real participant response.
SYN048,Wellbeing-balanced,24,"Fourth streaming subscription, $15",already pays for three,WANT,Synthetic rule-based vote; not a real participant response.
SYN049,Wellbeing-balanced,24,"Fourth streaming subscription, $15",already pays for three,WANT,Synthetic rule-based vote; not a real participant response.
SYN050,Wellbeing-balanced,24,"Fourth streaming subscription, $15",already pays for three,WANT,Synthetic rule-based vote; not a real participant response.
SYN001,Essentials-first,25,"New phone case, $45, Amazon",current case is fine,WANT,Synthetic rule-based vote; not a real participant response.
SYN002,Essentials-first,25,"New phone case, $45, Amazon",current case is fine,WANT,Synthetic rule-based vote; not a real participant response.
SYN003,Essentials-first,25,"New phone case, $45, Amazon",current case is fine,WANT,Synthetic rule-based vote; not a real participant response.
SYN004,Essentials-first,25,"New phone case, $45, Amazon",current case is fine,WANT,Synthetic rule-based vote; not a real participant response.
SYN005,Essentials-first,25,"New phone case, $45, Amazon",current case is fine,WANT,Synthetic rule-based vote; not a real participant response.
SYN006,Essentials-first,25,"New phone case, $45, Amazon",current case is fine,WANT,Synthetic rule-based vote; not a real participant response.
SYN007,Essentials-first,25,"New phone case, $45, Amazon",current case is fine,WANT,Synthetic rule-based vote; not a real participant response.
SYN008,Essentials-first,25,"New phone case, $45, Amazon",current case is fine,WANT,Synthetic rule-based vote; not a real participant response.
SYN009,Essentials-first,25,"New phone case, $45, Amazon",current case is fine,WANT,Synthetic rule-based vote; not a real participant response.
SYN010,Essentials-first,25,"New phone case, $45, Amazon",current case is fine,WANT,Synthetic rule-based vote; not a real participant response.
SYN011,Budget-guarding,25,"New phone case, $45, Amazon",current case is fine,WANT,Synthetic rule-based vote; not a real participant response.
SYN012,Budget-guarding,25,"New phone case, $45, Amazon",current case is fine,WANT,Synthetic rule-based vote; not a real participant response.
SYN013,Budget-guarding,25,"New phone case, $45, Amazon",current case is fine,WANT,Synthetic rule-based vote; not a real participant response.
SYN014,Budget-guarding,25,"New phone case, $45, Amazon",current case is fine,WANT,Synthetic rule-based vote; not a real participant response.
SYN015,Budget-guarding,25,"New phone case, $45, Amazon",current case is fine,WANT,Synthetic rule-based vote; not a real participant response.
SYN016,Budget-guarding,25,"New phone case, $45, Amazon",current case is fine,WANT,Synthetic rule-based vote; not a real participant response.
SYN017,Budget-guarding,25,"New phone case, $45, Amazon",current case is fine,WANT,Synthetic rule-based vote; not a real participant response.
SYN018,Budget-guarding,25,"New phone case, $45, Amazon",current case is fine,WANT,Synthetic rule-based vote; not a real participant response.
SYN019,Budget-guarding,25,"New phone case, $45, Amazon",current case is fine,WANT,Synthetic rule-based vote; not a real participant response.
SYN020,Budget-guarding,25,"New phone case, $45, Amazon",current case is fine,WANT,Synthetic rule-based vote; not a real participant response.
SYN021,Context-first,25,"New phone case, $45, Amazon",current case is fine,WANT,Synthetic rule-based vote; not a real participant response.
SYN022,Context-first,25,"New phone case, $45, Amazon",current case is fine,WANT,Synthetic rule-based vote; not a real participant response.
SYN023,Context-first,25,"New phone case, $45, Amazon",current case is fine,WANT,Synthetic rule-based vote; not a real participant response.
SYN024,Context-first,25,"New phone case, $45, Amazon",current case is fine,WANT,Synthetic rule-based vote; not a real participant response.
SYN025,Context-first,25,"New phone case, $45, Amazon",current case is fine,WANT,Synthetic rule-based vote; not a real participant response.
SYN026,Context-first,25,"New phone case, $45, Amazon",current case is fine,WANT,Synthetic rule-based vote; not a real participant response.
SYN027,Context-first,25,"New phone case, $45, Amazon",current case is fine,WANT,Synthetic rule-based vote; not a real participant response.
SYN028,Context-first,25,"New phone case, $45, Amazon",current case is fine,WANT,Synthetic rule-based vote; not a real participant response.
SYN029,Context-first,25,"New phone case, $45, Amazon",current case is fine,WANT,Synthetic rule-based vote; not a real participant response.
SYN030,Context-first,25,"New phone case, $45, Amazon",current case is fine,WANT,Synthetic rule-based vote; not a real participant response.
SYN031,Family-care priority,25,"New phone case, $45, Amazon",current case is fine,WANT,Synthetic rule-based vote; not a real participant response.
SYN032,Family-care priority,25,"New phone case, $45, Amazon",current case is fine,WANT,Synthetic rule-based vote; not a real participant response.
SYN033,Family-care priority,25,"New phone case, $45, Amazon",current case is fine,WANT,Synthetic rule-based vote; not a real participant response.
SYN034,Family-care priority,25,"New phone case, $45, Amazon",current case is fine,WANT,Synthetic rule-based vote; not a real participant response.
SYN035,Family-care priority,25,"New phone case, $45, Amazon",current case is fine,WANT,Synthetic rule-based vote; not a real participant response.
SYN036,Family-care priority,25,"New phone case, $45, Amazon",current case is fine,WANT,Synthetic rule-based vote; not a real participant response.
SYN037,Family-care priority,25,"New phone case, $45, Amazon",current case is fine,WANT,Synthetic rule-based vote; not a real participant response.
SYN038,Family-care priority,25,"New phone case, $45, Amazon",current case is fine,WANT,Synthetic rule-based vote; not a real participant response.
SYN039,Family-care priority,25,"New phone case, $45, Amazon",current case is fine,WANT,Synthetic rule-based vote; not a real participant response.
SYN040,Family-care priority,25,"New phone case, $45, Amazon",current case is fine,WANT,Synthetic rule-based vote; not a real participant response.
SYN041,Wellbeing-balanced,25,"New phone case, $45, Amazon",current case is fine,WANT,Synthetic rule-based vote; not a real participant response.
SYN042,Wellbeing-balanced,25,"New phone case, $45, Amazon",current case is fine,WANT,Synthetic rule-based vote; not a real participant response.
SYN043,Wellbeing-balanced,25,"New phone case, $45, Amazon",current case is fine,WANT,Synthetic rule-based vote; not a real participant response.
SYN044,Wellbeing-balanced,25,"New phone case, $45, Amazon",current case is fine,WANT,Synthetic rule-based vote; not a real participant response.
SYN045,Wellbeing-balanced,25,"New phone case, $45, Amazon",current case is fine,WANT,Synthetic rule-based vote; not a real participant response.
SYN046,Wellbeing-balanced,25,"New phone case, $45, Amazon",current case is fine,WANT,Synthetic rule-based vote; not a real participant response.
SYN047,Wellbeing-balanced,25,"New phone case, $45, Amazon",current case is fine,WANT,Synthetic rule-based vote; not a real participant response.
SYN048,Wellbeing-balanced,25,"New phone case, $45, Amazon",current case is fine,WANT,Synthetic rule-based vote; not a real participant response.
SYN049,Wellbeing-balanced,25,"New phone case, $45, Amazon",current case is fine,WANT,Synthetic rule-based vote; not a real participant response.
SYN050,Wellbeing-balanced,25,"New phone case, $45, Amazon",current case is fine,WANT,Synthetic rule-based vote; not a real participant response.
SYN001,Essentials-first,26,"Energy drinks, 12 pack, $28, gas station",no additional context,WANT,Synthetic rule-based vote; not a real participant response.
SYN002,Essentials-first,26,"Energy drinks, 12 pack, $28, gas station",no additional context,WANT,Synthetic rule-based vote; not a real participant response.
SYN003,Essentials-first,26,"Energy drinks, 12 pack, $28, gas station",no additional context,WANT,Synthetic rule-based vote; not a real participant response.
SYN004,Essentials-first,26,"Energy drinks, 12 pack, $28, gas station",no additional context,WANT,Synthetic rule-based vote; not a real participant response.
SYN005,Essentials-first,26,"Energy drinks, 12 pack, $28, gas station",no additional context,WANT,Synthetic rule-based vote; not a real participant response.
SYN006,Essentials-first,26,"Energy drinks, 12 pack, $28, gas station",no additional context,WANT,Synthetic rule-based vote; not a real participant response.
SYN007,Essentials-first,26,"Energy drinks, 12 pack, $28, gas station",no additional context,WANT,Synthetic rule-based vote; not a real participant response.
SYN008,Essentials-first,26,"Energy drinks, 12 pack, $28, gas station",no additional context,WANT,Synthetic rule-based vote; not a real participant response.
SYN009,Essentials-first,26,"Energy drinks, 12 pack, $28, gas station",no additional context,WANT,Synthetic rule-based vote; not a real participant response.
SYN010,Essentials-first,26,"Energy drinks, 12 pack, $28, gas station",no additional context,WANT,Synthetic rule-based vote; not a real participant response.
SYN011,Budget-guarding,26,"Energy drinks, 12 pack, $28, gas station",no additional context,WANT,Synthetic rule-based vote; not a real participant response.
SYN012,Budget-guarding,26,"Energy drinks, 12 pack, $28, gas station",no additional context,WANT,Synthetic rule-based vote; not a real participant response.
SYN013,Budget-guarding,26,"Energy drinks, 12 pack, $28, gas station",no additional context,WANT,Synthetic rule-based vote; not a real participant response.
SYN014,Budget-guarding,26,"Energy drinks, 12 pack, $28, gas station",no additional context,WANT,Synthetic rule-based vote; not a real participant response.
SYN015,Budget-guarding,26,"Energy drinks, 12 pack, $28, gas station",no additional context,WANT,Synthetic rule-based vote; not a real participant response.
SYN016,Budget-guarding,26,"Energy drinks, 12 pack, $28, gas station",no additional context,WANT,Synthetic rule-based vote; not a real participant response.
SYN017,Budget-guarding,26,"Energy drinks, 12 pack, $28, gas station",no additional context,WANT,Synthetic rule-based vote; not a real participant response.
SYN018,Budget-guarding,26,"Energy drinks, 12 pack, $28, gas station",no additional context,WANT,Synthetic rule-based vote; not a real participant response.
SYN019,Budget-guarding,26,"Energy drinks, 12 pack, $28, gas station",no additional context,WANT,Synthetic rule-based vote; not a real participant response.
SYN020,Budget-guarding,26,"Energy drinks, 12 pack, $28, gas station",no additional context,WANT,Synthetic rule-based vote; not a real participant response.
SYN021,Context-first,26,"Energy drinks, 12 pack, $28, gas station",no additional context,DEPENDS,Synthetic rule-based vote; not a real participant response.
SYN022,Context-first,26,"Energy drinks, 12 pack, $28, gas station",no additional context,DEPENDS,Synthetic rule-based vote; not a real participant response.
SYN023,Context-first,26,"Energy drinks, 12 pack, $28, gas station",no additional context,DEPENDS,Synthetic rule-based vote; not a real participant response.
SYN024,Context-first,26,"Energy drinks, 12 pack, $28, gas station",no additional context,DEPENDS,Synthetic rule-based vote; not a real participant response.
SYN025,Context-first,26,"Energy drinks, 12 pack, $28, gas station",no additional context,DEPENDS,Synthetic rule-based vote; not a real participant response.
SYN026,Context-first,26,"Energy drinks, 12 pack, $28, gas station",no additional context,DEPENDS,Synthetic rule-based vote; not a real participant response.
SYN027,Context-first,26,"Energy drinks, 12 pack, $28, gas station",no additional context,DEPENDS,Synthetic rule-based vote; not a real participant response.
SYN028,Context-first,26,"Energy drinks, 12 pack, $28, gas station",no additional context,WANT,Synthetic rule-based vote; not a real participant response.
SYN029,Context-first,26,"Energy drinks, 12 pack, $28, gas station",no additional context,WANT,Synthetic rule-based vote; not a real participant response.
SYN030,Context-first,26,"Energy drinks, 12 pack, $28, gas station",no additional context,WANT,Synthetic rule-based vote; not a real participant response.
SYN031,Family-care priority,26,"Energy drinks, 12 pack, $28, gas station",no additional context,WANT,Synthetic rule-based vote; not a real participant response.
SYN032,Family-care priority,26,"Energy drinks, 12 pack, $28, gas station",no additional context,WANT,Synthetic rule-based vote; not a real participant response.
SYN033,Family-care priority,26,"Energy drinks, 12 pack, $28, gas station",no additional context,WANT,Synthetic rule-based vote; not a real participant response.
SYN034,Family-care priority,26,"Energy drinks, 12 pack, $28, gas station",no additional context,WANT,Synthetic rule-based vote; not a real participant response.
SYN035,Family-care priority,26,"Energy drinks, 12 pack, $28, gas station",no additional context,WANT,Synthetic rule-based vote; not a real participant response.
SYN036,Family-care priority,26,"Energy drinks, 12 pack, $28, gas station",no additional context,WANT,Synthetic rule-based vote; not a real participant response.
SYN037,Family-care priority,26,"Energy drinks, 12 pack, $28, gas station",no additional context,WANT,Synthetic rule-based vote; not a real participant response.
SYN038,Family-care priority,26,"Energy drinks, 12 pack, $28, gas station",no additional context,WANT,Synthetic rule-based vote; not a real participant response.
SYN039,Family-care priority,26,"Energy drinks, 12 pack, $28, gas station",no additional context,WANT,Synthetic rule-based vote; not a real participant response.
SYN040,Family-care priority,26,"Energy drinks, 12 pack, $28, gas station",no additional context,WANT,Synthetic rule-based vote; not a real participant response.
SYN041,Wellbeing-balanced,26,"Energy drinks, 12 pack, $28, gas station",no additional context,WANT,Synthetic rule-based vote; not a real participant response.
SYN042,Wellbeing-balanced,26,"Energy drinks, 12 pack, $28, gas station",no additional context,WANT,Synthetic rule-based vote; not a real participant response.
SYN043,Wellbeing-balanced,26,"Energy drinks, 12 pack, $28, gas station",no additional context,WANT,Synthetic rule-based vote; not a real participant response.
SYN044,Wellbeing-balanced,26,"Energy drinks, 12 pack, $28, gas station",no additional context,WANT,Synthetic rule-based vote; not a real participant response.
SYN045,Wellbeing-balanced,26,"Energy drinks, 12 pack, $28, gas station",no additional context,WANT,Synthetic rule-based vote; not a real participant response.
SYN046,Wellbeing-balanced,26,"Energy drinks, 12 pack, $28, gas station",no additional context,WANT,Synthetic rule-based vote; not a real participant response.
SYN047,Wellbeing-balanced,26,"Energy drinks, 12 pack, $28, gas station",no additional context,WANT,Synthetic rule-based vote; not a real participant response.
SYN048,Wellbeing-balanced,26,"Energy drinks, 12 pack, $28, gas station",no additional context,WANT,Synthetic rule-based vote; not a real participant response.
SYN049,Wellbeing-balanced,26,"Energy drinks, 12 pack, $28, gas station",no additional context,WANT,Synthetic rule-based vote; not a real participant response.
SYN050,Wellbeing-balanced,26,"Energy drinks, 12 pack, $28, gas station",no additional context,WANT,Synthetic rule-based vote; not a real participant response.
SYN001,Essentials-first,27,"Bubble tea, $8",second time today,WANT,Synthetic rule-based vote; not a real participant response.
SYN002,Essentials-first,27,"Bubble tea, $8",second time today,WANT,Synthetic rule-based vote; not a real participant response.
SYN003,Essentials-first,27,"Bubble tea, $8",second time today,WANT,Synthetic rule-based vote; not a real participant response.
SYN004,Essentials-first,27,"Bubble tea, $8",second time today,WANT,Synthetic rule-based vote; not a real participant response.
SYN005,Essentials-first,27,"Bubble tea, $8",second time today,WANT,Synthetic rule-based vote; not a real participant response.
SYN006,Essentials-first,27,"Bubble tea, $8",second time today,WANT,Synthetic rule-based vote; not a real participant response.
SYN007,Essentials-first,27,"Bubble tea, $8",second time today,WANT,Synthetic rule-based vote; not a real participant response.
SYN008,Essentials-first,27,"Bubble tea, $8",second time today,WANT,Synthetic rule-based vote; not a real participant response.
SYN009,Essentials-first,27,"Bubble tea, $8",second time today,WANT,Synthetic rule-based vote; not a real participant response.
SYN010,Essentials-first,27,"Bubble tea, $8",second time today,WANT,Synthetic rule-based vote; not a real participant response.
SYN011,Budget-guarding,27,"Bubble tea, $8",second time today,WANT,Synthetic rule-based vote; not a real participant response.
SYN012,Budget-guarding,27,"Bubble tea, $8",second time today,WANT,Synthetic rule-based vote; not a real participant response.
SYN013,Budget-guarding,27,"Bubble tea, $8",second time today,WANT,Synthetic rule-based vote; not a real participant response.
SYN014,Budget-guarding,27,"Bubble tea, $8",second time today,WANT,Synthetic rule-based vote; not a real participant response.
SYN015,Budget-guarding,27,"Bubble tea, $8",second time today,WANT,Synthetic rule-based vote; not a real participant response.
SYN016,Budget-guarding,27,"Bubble tea, $8",second time today,WANT,Synthetic rule-based vote; not a real participant response.
SYN017,Budget-guarding,27,"Bubble tea, $8",second time today,WANT,Synthetic rule-based vote; not a real participant response.
SYN018,Budget-guarding,27,"Bubble tea, $8",second time today,WANT,Synthetic rule-based vote; not a real participant response.
SYN019,Budget-guarding,27,"Bubble tea, $8",second time today,WANT,Synthetic rule-based vote; not a real participant response.
SYN020,Budget-guarding,27,"Bubble tea, $8",second time today,WANT,Synthetic rule-based vote; not a real participant response.
SYN021,Context-first,27,"Bubble tea, $8",second time today,WANT,Synthetic rule-based vote; not a real participant response.
SYN022,Context-first,27,"Bubble tea, $8",second time today,WANT,Synthetic rule-based vote; not a real participant response.
SYN023,Context-first,27,"Bubble tea, $8",second time today,WANT,Synthetic rule-based vote; not a real participant response.
SYN024,Context-first,27,"Bubble tea, $8",second time today,WANT,Synthetic rule-based vote; not a real participant response.
SYN025,Context-first,27,"Bubble tea, $8",second time today,WANT,Synthetic rule-based vote; not a real participant response.
SYN026,Context-first,27,"Bubble tea, $8",second time today,WANT,Synthetic rule-based vote; not a real participant response.
SYN027,Context-first,27,"Bubble tea, $8",second time today,WANT,Synthetic rule-based vote; not a real participant response.
SYN028,Context-first,27,"Bubble tea, $8",second time today,WANT,Synthetic rule-based vote; not a real participant response.
SYN029,Context-first,27,"Bubble tea, $8",second time today,WANT,Synthetic rule-based vote; not a real participant response.
SYN030,Context-first,27,"Bubble tea, $8",second time today,WANT,Synthetic rule-based vote; not a real participant response.
SYN031,Family-care priority,27,"Bubble tea, $8",second time today,WANT,Synthetic rule-based vote; not a real participant response.
SYN032,Family-care priority,27,"Bubble tea, $8",second time today,WANT,Synthetic rule-based vote; not a real participant response.
SYN033,Family-care priority,27,"Bubble tea, $8",second time today,WANT,Synthetic rule-based vote; not a real participant response.
SYN034,Family-care priority,27,"Bubble tea, $8",second time today,WANT,Synthetic rule-based vote; not a real participant response.
SYN035,Family-care priority,27,"Bubble tea, $8",second time today,WANT,Synthetic rule-based vote; not a real participant response.
SYN036,Family-care priority,27,"Bubble tea, $8",second time today,WANT,Synthetic rule-based vote; not a real participant response.
SYN037,Family-care priority,27,"Bubble tea, $8",second time today,WANT,Synthetic rule-based vote; not a real participant response.
SYN038,Family-care priority,27,"Bubble tea, $8",second time today,WANT,Synthetic rule-based vote; not a real participant response.
SYN039,Family-care priority,27,"Bubble tea, $8",second time today,WANT,Synthetic rule-based vote; not a real participant response.
SYN040,Family-care priority,27,"Bubble tea, $8",second time today,WANT,Synthetic rule-based vote; not a real participant response.
SYN041,Wellbeing-balanced,27,"Bubble tea, $8",second time today,WANT,Synthetic rule-based vote; not a real participant response.
SYN042,Wellbeing-balanced,27,"Bubble tea, $8",second time today,WANT,Synthetic rule-based vote; not a real participant response.
SYN043,Wellbeing-balanced,27,"Bubble tea, $8",second time today,WANT,Synthetic rule-based vote; not a real participant response.
SYN044,Wellbeing-balanced,27,"Bubble tea, $8",second time today,WANT,Synthetic rule-based vote; not a real participant response.
SYN045,Wellbeing-balanced,27,"Bubble tea, $8",second time today,WANT,Synthetic rule-based vote; not a real participant response.
SYN046,Wellbeing-balanced,27,"Bubble tea, $8",second time today,WANT,Synthetic rule-based vote; not a real participant response.
SYN047,Wellbeing-balanced,27,"Bubble tea, $8",second time today,WANT,Synthetic rule-based vote; not a real participant response.
SYN048,Wellbeing-balanced,27,"Bubble tea, $8",second time today,WANT,Synthetic rule-based vote; not a real participant response.
SYN049,Wellbeing-balanced,27,"Bubble tea, $8",second time today,WANT,Synthetic rule-based vote; not a real participant response.
SYN050,Wellbeing-balanced,27,"Bubble tea, $8",second time today,WANT,Synthetic rule-based vote; not a real participant response.
SYN001,Essentials-first,28,"Crypto buy, $50, Coinbase",saw a post about it,WANT,Synthetic rule-based vote; not a real participant response.
SYN002,Essentials-first,28,"Crypto buy, $50, Coinbase",saw a post about it,WANT,Synthetic rule-based vote; not a real participant response.
SYN003,Essentials-first,28,"Crypto buy, $50, Coinbase",saw a post about it,WANT,Synthetic rule-based vote; not a real participant response.
SYN004,Essentials-first,28,"Crypto buy, $50, Coinbase",saw a post about it,WANT,Synthetic rule-based vote; not a real participant response.
SYN005,Essentials-first,28,"Crypto buy, $50, Coinbase",saw a post about it,WANT,Synthetic rule-based vote; not a real participant response.
SYN006,Essentials-first,28,"Crypto buy, $50, Coinbase",saw a post about it,WANT,Synthetic rule-based vote; not a real participant response.
SYN007,Essentials-first,28,"Crypto buy, $50, Coinbase",saw a post about it,WANT,Synthetic rule-based vote; not a real participant response.
SYN008,Essentials-first,28,"Crypto buy, $50, Coinbase",saw a post about it,WANT,Synthetic rule-based vote; not a real participant response.
SYN009,Essentials-first,28,"Crypto buy, $50, Coinbase",saw a post about it,WANT,Synthetic rule-based vote; not a real participant response.
SYN010,Essentials-first,28,"Crypto buy, $50, Coinbase",saw a post about it,WANT,Synthetic rule-based vote; not a real participant response.
SYN011,Budget-guarding,28,"Crypto buy, $50, Coinbase",saw a post about it,WANT,Synthetic rule-based vote; not a real participant response.
SYN012,Budget-guarding,28,"Crypto buy, $50, Coinbase",saw a post about it,WANT,Synthetic rule-based vote; not a real participant response.
SYN013,Budget-guarding,28,"Crypto buy, $50, Coinbase",saw a post about it,WANT,Synthetic rule-based vote; not a real participant response.
SYN014,Budget-guarding,28,"Crypto buy, $50, Coinbase",saw a post about it,WANT,Synthetic rule-based vote; not a real participant response.
SYN015,Budget-guarding,28,"Crypto buy, $50, Coinbase",saw a post about it,WANT,Synthetic rule-based vote; not a real participant response.
SYN016,Budget-guarding,28,"Crypto buy, $50, Coinbase",saw a post about it,WANT,Synthetic rule-based vote; not a real participant response.
SYN017,Budget-guarding,28,"Crypto buy, $50, Coinbase",saw a post about it,WANT,Synthetic rule-based vote; not a real participant response.
SYN018,Budget-guarding,28,"Crypto buy, $50, Coinbase",saw a post about it,WANT,Synthetic rule-based vote; not a real participant response.
SYN019,Budget-guarding,28,"Crypto buy, $50, Coinbase",saw a post about it,WANT,Synthetic rule-based vote; not a real participant response.
SYN020,Budget-guarding,28,"Crypto buy, $50, Coinbase",saw a post about it,WANT,Synthetic rule-based vote; not a real participant response.
SYN021,Context-first,28,"Crypto buy, $50, Coinbase",saw a post about it,WANT,Synthetic rule-based vote; not a real participant response.
SYN022,Context-first,28,"Crypto buy, $50, Coinbase",saw a post about it,WANT,Synthetic rule-based vote; not a real participant response.
SYN023,Context-first,28,"Crypto buy, $50, Coinbase",saw a post about it,WANT,Synthetic rule-based vote; not a real participant response.
SYN024,Context-first,28,"Crypto buy, $50, Coinbase",saw a post about it,WANT,Synthetic rule-based vote; not a real participant response.
SYN025,Context-first,28,"Crypto buy, $50, Coinbase",saw a post about it,WANT,Synthetic rule-based vote; not a real participant response.
SYN026,Context-first,28,"Crypto buy, $50, Coinbase",saw a post about it,WANT,Synthetic rule-based vote; not a real participant response.
SYN027,Context-first,28,"Crypto buy, $50, Coinbase",saw a post about it,WANT,Synthetic rule-based vote; not a real participant response.
SYN028,Context-first,28,"Crypto buy, $50, Coinbase",saw a post about it,WANT,Synthetic rule-based vote; not a real participant response.
SYN029,Context-first,28,"Crypto buy, $50, Coinbase",saw a post about it,WANT,Synthetic rule-based vote; not a real participant response.
SYN030,Context-first,28,"Crypto buy, $50, Coinbase",saw a post about it,WANT,Synthetic rule-based vote; not a real participant response.
SYN031,Family-care priority,28,"Crypto buy, $50, Coinbase",saw a post about it,WANT,Synthetic rule-based vote; not a real participant response.
SYN032,Family-care priority,28,"Crypto buy, $50, Coinbase",saw a post about it,WANT,Synthetic rule-based vote; not a real participant response.
SYN033,Family-care priority,28,"Crypto buy, $50, Coinbase",saw a post about it,WANT,Synthetic rule-based vote; not a real participant response.
SYN034,Family-care priority,28,"Crypto buy, $50, Coinbase",saw a post about it,WANT,Synthetic rule-based vote; not a real participant response.
SYN035,Family-care priority,28,"Crypto buy, $50, Coinbase",saw a post about it,WANT,Synthetic rule-based vote; not a real participant response.
SYN036,Family-care priority,28,"Crypto buy, $50, Coinbase",saw a post about it,WANT,Synthetic rule-based vote; not a real participant response.
SYN037,Family-care priority,28,"Crypto buy, $50, Coinbase",saw a post about it,WANT,Synthetic rule-based vote; not a real participant response.
SYN038,Family-care priority,28,"Crypto buy, $50, Coinbase",saw a post about it,WANT,Synthetic rule-based vote; not a real participant response.
SYN039,Family-care priority,28,"Crypto buy, $50, Coinbase",saw a post about it,WANT,Synthetic rule-based vote; not a real participant response.
SYN040,Family-care priority,28,"Crypto buy, $50, Coinbase",saw a post about it,WANT,Synthetic rule-based vote; not a real participant response.
SYN041,Wellbeing-balanced,28,"Crypto buy, $50, Coinbase",saw a post about it,WANT,Synthetic rule-based vote; not a real participant response.
SYN042,Wellbeing-balanced,28,"Crypto buy, $50, Coinbase",saw a post about it,WANT,Synthetic rule-based vote; not a real participant response.
SYN043,Wellbeing-balanced,28,"Crypto buy, $50, Coinbase",saw a post about it,WANT,Synthetic rule-based vote; not a real participant response.
SYN044,Wellbeing-balanced,28,"Crypto buy, $50, Coinbase",saw a post about it,WANT,Synthetic rule-based vote; not a real participant response.
SYN045,Wellbeing-balanced,28,"Crypto buy, $50, Coinbase",saw a post about it,WANT,Synthetic rule-based vote; not a real participant response.
SYN046,Wellbeing-balanced,28,"Crypto buy, $50, Coinbase",saw a post about it,WANT,Synthetic rule-based vote; not a real participant response.
SYN047,Wellbeing-balanced,28,"Crypto buy, $50, Coinbase",saw a post about it,WANT,Synthetic rule-based vote; not a real participant response.
SYN048,Wellbeing-balanced,28,"Crypto buy, $50, Coinbase",saw a post about it,WANT,Synthetic rule-based vote; not a real participant response.
SYN049,Wellbeing-balanced,28,"Crypto buy, $50, Coinbase",saw a post about it,WANT,Synthetic rule-based vote; not a real participant response.
SYN050,Wellbeing-balanced,28,"Crypto buy, $50, Coinbase",saw a post about it,WANT,Synthetic rule-based vote; not a real participant response.
SYN001,Essentials-first,29,"LED strip lights, $25, Amazon",dorm decoration,WANT,Synthetic rule-based vote; not a real participant response.
SYN002,Essentials-first,29,"LED strip lights, $25, Amazon",dorm decoration,WANT,Synthetic rule-based vote; not a real participant response.
SYN003,Essentials-first,29,"LED strip lights, $25, Amazon",dorm decoration,WANT,Synthetic rule-based vote; not a real participant response.
SYN004,Essentials-first,29,"LED strip lights, $25, Amazon",dorm decoration,WANT,Synthetic rule-based vote; not a real participant response.
SYN005,Essentials-first,29,"LED strip lights, $25, Amazon",dorm decoration,WANT,Synthetic rule-based vote; not a real participant response.
SYN006,Essentials-first,29,"LED strip lights, $25, Amazon",dorm decoration,WANT,Synthetic rule-based vote; not a real participant response.
SYN007,Essentials-first,29,"LED strip lights, $25, Amazon",dorm decoration,WANT,Synthetic rule-based vote; not a real participant response.
SYN008,Essentials-first,29,"LED strip lights, $25, Amazon",dorm decoration,WANT,Synthetic rule-based vote; not a real participant response.
SYN009,Essentials-first,29,"LED strip lights, $25, Amazon",dorm decoration,WANT,Synthetic rule-based vote; not a real participant response.
SYN010,Essentials-first,29,"LED strip lights, $25, Amazon",dorm decoration,WANT,Synthetic rule-based vote; not a real participant response.
SYN011,Budget-guarding,29,"LED strip lights, $25, Amazon",dorm decoration,WANT,Synthetic rule-based vote; not a real participant response.
SYN012,Budget-guarding,29,"LED strip lights, $25, Amazon",dorm decoration,WANT,Synthetic rule-based vote; not a real participant response.
SYN013,Budget-guarding,29,"LED strip lights, $25, Amazon",dorm decoration,WANT,Synthetic rule-based vote; not a real participant response.
SYN014,Budget-guarding,29,"LED strip lights, $25, Amazon",dorm decoration,WANT,Synthetic rule-based vote; not a real participant response.
SYN015,Budget-guarding,29,"LED strip lights, $25, Amazon",dorm decoration,WANT,Synthetic rule-based vote; not a real participant response.
SYN016,Budget-guarding,29,"LED strip lights, $25, Amazon",dorm decoration,WANT,Synthetic rule-based vote; not a real participant response.
SYN017,Budget-guarding,29,"LED strip lights, $25, Amazon",dorm decoration,WANT,Synthetic rule-based vote; not a real participant response.
SYN018,Budget-guarding,29,"LED strip lights, $25, Amazon",dorm decoration,WANT,Synthetic rule-based vote; not a real participant response.
SYN019,Budget-guarding,29,"LED strip lights, $25, Amazon",dorm decoration,WANT,Synthetic rule-based vote; not a real participant response.
SYN020,Budget-guarding,29,"LED strip lights, $25, Amazon",dorm decoration,WANT,Synthetic rule-based vote; not a real participant response.
SYN021,Context-first,29,"LED strip lights, $25, Amazon",dorm decoration,WANT,Synthetic rule-based vote; not a real participant response.
SYN022,Context-first,29,"LED strip lights, $25, Amazon",dorm decoration,WANT,Synthetic rule-based vote; not a real participant response.
SYN023,Context-first,29,"LED strip lights, $25, Amazon",dorm decoration,WANT,Synthetic rule-based vote; not a real participant response.
SYN024,Context-first,29,"LED strip lights, $25, Amazon",dorm decoration,WANT,Synthetic rule-based vote; not a real participant response.
SYN025,Context-first,29,"LED strip lights, $25, Amazon",dorm decoration,WANT,Synthetic rule-based vote; not a real participant response.
SYN026,Context-first,29,"LED strip lights, $25, Amazon",dorm decoration,WANT,Synthetic rule-based vote; not a real participant response.
SYN027,Context-first,29,"LED strip lights, $25, Amazon",dorm decoration,WANT,Synthetic rule-based vote; not a real participant response.
SYN028,Context-first,29,"LED strip lights, $25, Amazon",dorm decoration,WANT,Synthetic rule-based vote; not a real participant response.
SYN029,Context-first,29,"LED strip lights, $25, Amazon",dorm decoration,WANT,Synthetic rule-based vote; not a real participant response.
SYN030,Context-first,29,"LED strip lights, $25, Amazon",dorm decoration,WANT,Synthetic rule-based vote; not a real participant response.
SYN031,Family-care priority,29,"LED strip lights, $25, Amazon",dorm decoration,WANT,Synthetic rule-based vote; not a real participant response.
SYN032,Family-care priority,29,"LED strip lights, $25, Amazon",dorm decoration,WANT,Synthetic rule-based vote; not a real participant response.
SYN033,Family-care priority,29,"LED strip lights, $25, Amazon",dorm decoration,WANT,Synthetic rule-based vote; not a real participant response.
SYN034,Family-care priority,29,"LED strip lights, $25, Amazon",dorm decoration,WANT,Synthetic rule-based vote; not a real participant response.
SYN035,Family-care priority,29,"LED strip lights, $25, Amazon",dorm decoration,WANT,Synthetic rule-based vote; not a real participant response.
SYN036,Family-care priority,29,"LED strip lights, $25, Amazon",dorm decoration,WANT,Synthetic rule-based vote; not a real participant response.
SYN037,Family-care priority,29,"LED strip lights, $25, Amazon",dorm decoration,WANT,Synthetic rule-based vote; not a real participant response.
SYN038,Family-care priority,29,"LED strip lights, $25, Amazon",dorm decoration,WANT,Synthetic rule-based vote; not a real participant response.
SYN039,Family-care priority,29,"LED strip lights, $25, Amazon",dorm decoration,WANT,Synthetic rule-based vote; not a real participant response.
SYN040,Family-care priority,29,"LED strip lights, $25, Amazon",dorm decoration,WANT,Synthetic rule-based vote; not a real participant response.
SYN041,Wellbeing-balanced,29,"LED strip lights, $25, Amazon",dorm decoration,WANT,Synthetic rule-based vote; not a real participant response.
SYN042,Wellbeing-balanced,29,"LED strip lights, $25, Amazon",dorm decoration,WANT,Synthetic rule-based vote; not a real participant response.
SYN043,Wellbeing-balanced,29,"LED strip lights, $25, Amazon",dorm decoration,WANT,Synthetic rule-based vote; not a real participant response.
SYN044,Wellbeing-balanced,29,"LED strip lights, $25, Amazon",dorm decoration,WANT,Synthetic rule-based vote; not a real participant response.
SYN045,Wellbeing-balanced,29,"LED strip lights, $25, Amazon",dorm decoration,WANT,Synthetic rule-based vote; not a real participant response.
SYN046,Wellbeing-balanced,29,"LED strip lights, $25, Amazon",dorm decoration,WANT,Synthetic rule-based vote; not a real participant response.
SYN047,Wellbeing-balanced,29,"LED strip lights, $25, Amazon",dorm decoration,WANT,Synthetic rule-based vote; not a real participant response.
SYN048,Wellbeing-balanced,29,"LED strip lights, $25, Amazon",dorm decoration,WANT,Synthetic rule-based vote; not a real participant response.
SYN049,Wellbeing-balanced,29,"LED strip lights, $25, Amazon",dorm decoration,WANT,Synthetic rule-based vote; not a real participant response.
SYN050,Wellbeing-balanced,29,"LED strip lights, $25, Amazon",dorm decoration,WANT,Synthetic rule-based vote; not a real participant response.
SYN001,Essentials-first,30,"Nails, $60, nail salon",every two weeks,DEPENDS,Synthetic rule-based vote; not a real participant response.
SYN002,Essentials-first,30,"Nails, $60, nail salon",every two weeks,DEPENDS,Synthetic rule-based vote; not a real participant response.
SYN003,Essentials-first,30,"Nails, $60, nail salon",every two weeks,DEPENDS,Synthetic rule-based vote; not a real participant response.
SYN004,Essentials-first,30,"Nails, $60, nail salon",every two weeks,DEPENDS,Synthetic rule-based vote; not a real participant response.
SYN005,Essentials-first,30,"Nails, $60, nail salon",every two weeks,DEPENDS,Synthetic rule-based vote; not a real participant response.
SYN006,Essentials-first,30,"Nails, $60, nail salon",every two weeks,DEPENDS,Synthetic rule-based vote; not a real participant response.
SYN007,Essentials-first,30,"Nails, $60, nail salon",every two weeks,DEPENDS,Synthetic rule-based vote; not a real participant response.
SYN008,Essentials-first,30,"Nails, $60, nail salon",every two weeks,DEPENDS,Synthetic rule-based vote; not a real participant response.
SYN009,Essentials-first,30,"Nails, $60, nail salon",every two weeks,DEPENDS,Synthetic rule-based vote; not a real participant response.
SYN010,Essentials-first,30,"Nails, $60, nail salon",every two weeks,DEPENDS,Synthetic rule-based vote; not a real participant response.
SYN011,Budget-guarding,30,"Nails, $60, nail salon",every two weeks,WANT,Synthetic rule-based vote; not a real participant response.
SYN012,Budget-guarding,30,"Nails, $60, nail salon",every two weeks,WANT,Synthetic rule-based vote; not a real participant response.
SYN013,Budget-guarding,30,"Nails, $60, nail salon",every two weeks,WANT,Synthetic rule-based vote; not a real participant response.
SYN014,Budget-guarding,30,"Nails, $60, nail salon",every two weeks,WANT,Synthetic rule-based vote; not a real participant response.
SYN015,Budget-guarding,30,"Nails, $60, nail salon",every two weeks,WANT,Synthetic rule-based vote; not a real participant response.
SYN016,Budget-guarding,30,"Nails, $60, nail salon",every two weeks,WANT,Synthetic rule-based vote; not a real participant response.
SYN017,Budget-guarding,30,"Nails, $60, nail salon",every two weeks,WANT,Synthetic rule-based vote; not a real participant response.
SYN018,Budget-guarding,30,"Nails, $60, nail salon",every two weeks,WANT,Synthetic rule-based vote; not a real participant response.
SYN019,Budget-guarding,30,"Nails, $60, nail salon",every two weeks,WANT,Synthetic rule-based vote; not a real participant response.
SYN020,Budget-guarding,30,"Nails, $60, nail salon",every two weeks,WANT,Synthetic rule-based vote; not a real participant response.
SYN021,Context-first,30,"Nails, $60, nail salon",every two weeks,DEPENDS,Synthetic rule-based vote; not a real participant response.
SYN022,Context-first,30,"Nails, $60, nail salon",every two weeks,DEPENDS,Synthetic rule-based vote; not a real participant response.
SYN023,Context-first,30,"Nails, $60, nail salon",every two weeks,DEPENDS,Synthetic rule-based vote; not a real participant response.
SYN024,Context-first,30,"Nails, $60, nail salon",every two weeks,DEPENDS,Synthetic rule-based vote; not a real participant response.
SYN025,Context-first,30,"Nails, $60, nail salon",every two weeks,DEPENDS,Synthetic rule-based vote; not a real participant response.
SYN026,Context-first,30,"Nails, $60, nail salon",every two weeks,DEPENDS,Synthetic rule-based vote; not a real participant response.
SYN027,Context-first,30,"Nails, $60, nail salon",every two weeks,DEPENDS,Synthetic rule-based vote; not a real participant response.
SYN028,Context-first,30,"Nails, $60, nail salon",every two weeks,DEPENDS,Synthetic rule-based vote; not a real participant response.
SYN029,Context-first,30,"Nails, $60, nail salon",every two weeks,DEPENDS,Synthetic rule-based vote; not a real participant response.
SYN030,Context-first,30,"Nails, $60, nail salon",every two weeks,DEPENDS,Synthetic rule-based vote; not a real participant response.
SYN031,Family-care priority,30,"Nails, $60, nail salon",every two weeks,DEPENDS,Synthetic rule-based vote; not a real participant response.
SYN032,Family-care priority,30,"Nails, $60, nail salon",every two weeks,DEPENDS,Synthetic rule-based vote; not a real participant response.
SYN033,Family-care priority,30,"Nails, $60, nail salon",every two weeks,DEPENDS,Synthetic rule-based vote; not a real participant response.
SYN034,Family-care priority,30,"Nails, $60, nail salon",every two weeks,DEPENDS,Synthetic rule-based vote; not a real participant response.
SYN035,Family-care priority,30,"Nails, $60, nail salon",every two weeks,DEPENDS,Synthetic rule-based vote; not a real participant response.
SYN036,Family-care priority,30,"Nails, $60, nail salon",every two weeks,DEPENDS,Synthetic rule-based vote; not a real participant response.
SYN037,Family-care priority,30,"Nails, $60, nail salon",every two weeks,DEPENDS,Synthetic rule-based vote; not a real participant response.
SYN038,Family-care priority,30,"Nails, $60, nail salon",every two weeks,DEPENDS,Synthetic rule-based vote; not a real participant response.
SYN039,Family-care priority,30,"Nails, $60, nail salon",every two weeks,DEPENDS,Synthetic rule-based vote; not a real participant response.
SYN040,Family-care priority,30,"Nails, $60, nail salon",every two weeks,DEPENDS,Synthetic rule-based vote; not a real participant response.
SYN041,Wellbeing-balanced,30,"Nails, $60, nail salon",every two weeks,DEPENDS,Synthetic rule-based vote; not a real participant response.
SYN042,Wellbeing-balanced,30,"Nails, $60, nail salon",every two weeks,DEPENDS,Synthetic rule-based vote; not a real participant response.
SYN043,Wellbeing-balanced,30,"Nails, $60, nail salon",every two weeks,DEPENDS,Synthetic rule-based vote; not a real participant response.
SYN044,Wellbeing-balanced,30,"Nails, $60, nail salon",every two weeks,DEPENDS,Synthetic rule-based vote; not a real participant response.
SYN045,Wellbeing-balanced,30,"Nails, $60, nail salon",every two weeks,DEPENDS,Synthetic rule-based vote; not a real participant response.
SYN046,Wellbeing-balanced,30,"Nails, $60, nail salon",every two weeks,DEPENDS,Synthetic rule-based vote; not a real participant response.
SYN047,Wellbeing-balanced,30,"Nails, $60, nail salon",every two weeks,DEPENDS,Synthetic rule-based vote; not a real participant response.
SYN048,Wellbeing-balanced,30,"Nails, $60, nail salon",every two weeks,DEPENDS,Synthetic rule-based vote; not a real participant response.
SYN049,Wellbeing-balanced,30,"Nails, $60, nail salon",every two weeks,DEPENDS,Synthetic rule-based vote; not a real participant response.
SYN050,Wellbeing-balanced,30,"Nails, $60, nail salon",every two weeks,DEPENDS,Synthetic rule-based vote; not a real participant response.
SYN001,Essentials-first,31,"Weekend trip to Chicago, $180, Greyhound","bus and hostel, friends going",DEPENDS,Synthetic rule-based vote; not a real participant response.
SYN002,Essentials-first,31,"Weekend trip to Chicago, $180, Greyhound","bus and hostel, friends going",DEPENDS,Synthetic rule-based vote; not a real participant response.
SYN003,Essentials-first,31,"Weekend trip to Chicago, $180, Greyhound","bus and hostel, friends going",DEPENDS,Synthetic rule-based vote; not a real participant response.
SYN004,Essentials-first,31,"Weekend trip to Chicago, $180, Greyhound","bus and hostel, friends going",DEPENDS,Synthetic rule-based vote; not a real participant response.
SYN005,Essentials-first,31,"Weekend trip to Chicago, $180, Greyhound","bus and hostel, friends going",DEPENDS,Synthetic rule-based vote; not a real participant response.
SYN006,Essentials-first,31,"Weekend trip to Chicago, $180, Greyhound","bus and hostel, friends going",DEPENDS,Synthetic rule-based vote; not a real participant response.
SYN007,Essentials-first,31,"Weekend trip to Chicago, $180, Greyhound","bus and hostel, friends going",DEPENDS,Synthetic rule-based vote; not a real participant response.
SYN008,Essentials-first,31,"Weekend trip to Chicago, $180, Greyhound","bus and hostel, friends going",DEPENDS,Synthetic rule-based vote; not a real participant response.
SYN009,Essentials-first,31,"Weekend trip to Chicago, $180, Greyhound","bus and hostel, friends going",DEPENDS,Synthetic rule-based vote; not a real participant response.
SYN010,Essentials-first,31,"Weekend trip to Chicago, $180, Greyhound","bus and hostel, friends going",DEPENDS,Synthetic rule-based vote; not a real participant response.
SYN011,Budget-guarding,31,"Weekend trip to Chicago, $180, Greyhound","bus and hostel, friends going",WANT,Synthetic rule-based vote; not a real participant response.
SYN012,Budget-guarding,31,"Weekend trip to Chicago, $180, Greyhound","bus and hostel, friends going",WANT,Synthetic rule-based vote; not a real participant response.
SYN013,Budget-guarding,31,"Weekend trip to Chicago, $180, Greyhound","bus and hostel, friends going",WANT,Synthetic rule-based vote; not a real participant response.
SYN014,Budget-guarding,31,"Weekend trip to Chicago, $180, Greyhound","bus and hostel, friends going",WANT,Synthetic rule-based vote; not a real participant response.
SYN015,Budget-guarding,31,"Weekend trip to Chicago, $180, Greyhound","bus and hostel, friends going",WANT,Synthetic rule-based vote; not a real participant response.
SYN016,Budget-guarding,31,"Weekend trip to Chicago, $180, Greyhound","bus and hostel, friends going",WANT,Synthetic rule-based vote; not a real participant response.
SYN017,Budget-guarding,31,"Weekend trip to Chicago, $180, Greyhound","bus and hostel, friends going",WANT,Synthetic rule-based vote; not a real participant response.
SYN018,Budget-guarding,31,"Weekend trip to Chicago, $180, Greyhound","bus and hostel, friends going",WANT,Synthetic rule-based vote; not a real participant response.
SYN019,Budget-guarding,31,"Weekend trip to Chicago, $180, Greyhound","bus and hostel, friends going",WANT,Synthetic rule-based vote; not a real participant response.
SYN020,Budget-guarding,31,"Weekend trip to Chicago, $180, Greyhound","bus and hostel, friends going",WANT,Synthetic rule-based vote; not a real participant response.
SYN021,Context-first,31,"Weekend trip to Chicago, $180, Greyhound","bus and hostel, friends going",DEPENDS,Synthetic rule-based vote; not a real participant response.
SYN022,Context-first,31,"Weekend trip to Chicago, $180, Greyhound","bus and hostel, friends going",DEPENDS,Synthetic rule-based vote; not a real participant response.
SYN023,Context-first,31,"Weekend trip to Chicago, $180, Greyhound","bus and hostel, friends going",DEPENDS,Synthetic rule-based vote; not a real participant response.
SYN024,Context-first,31,"Weekend trip to Chicago, $180, Greyhound","bus and hostel, friends going",DEPENDS,Synthetic rule-based vote; not a real participant response.
SYN025,Context-first,31,"Weekend trip to Chicago, $180, Greyhound","bus and hostel, friends going",DEPENDS,Synthetic rule-based vote; not a real participant response.
SYN026,Context-first,31,"Weekend trip to Chicago, $180, Greyhound","bus and hostel, friends going",DEPENDS,Synthetic rule-based vote; not a real participant response.
SYN027,Context-first,31,"Weekend trip to Chicago, $180, Greyhound","bus and hostel, friends going",DEPENDS,Synthetic rule-based vote; not a real participant response.
SYN028,Context-first,31,"Weekend trip to Chicago, $180, Greyhound","bus and hostel, friends going",DEPENDS,Synthetic rule-based vote; not a real participant response.
SYN029,Context-first,31,"Weekend trip to Chicago, $180, Greyhound","bus and hostel, friends going",DEPENDS,Synthetic rule-based vote; not a real participant response.
SYN030,Context-first,31,"Weekend trip to Chicago, $180, Greyhound","bus and hostel, friends going",DEPENDS,Synthetic rule-based vote; not a real participant response.
SYN031,Family-care priority,31,"Weekend trip to Chicago, $180, Greyhound","bus and hostel, friends going",DEPENDS,Synthetic rule-based vote; not a real participant response.
SYN032,Family-care priority,31,"Weekend trip to Chicago, $180, Greyhound","bus and hostel, friends going",DEPENDS,Synthetic rule-based vote; not a real participant response.
SYN033,Family-care priority,31,"Weekend trip to Chicago, $180, Greyhound","bus and hostel, friends going",DEPENDS,Synthetic rule-based vote; not a real participant response.
SYN034,Family-care priority,31,"Weekend trip to Chicago, $180, Greyhound","bus and hostel, friends going",DEPENDS,Synthetic rule-based vote; not a real participant response.
SYN035,Family-care priority,31,"Weekend trip to Chicago, $180, Greyhound","bus and hostel, friends going",DEPENDS,Synthetic rule-based vote; not a real participant response.
SYN036,Family-care priority,31,"Weekend trip to Chicago, $180, Greyhound","bus and hostel, friends going",DEPENDS,Synthetic rule-based vote; not a real participant response.
SYN037,Family-care priority,31,"Weekend trip to Chicago, $180, Greyhound","bus and hostel, friends going",DEPENDS,Synthetic rule-based vote; not a real participant response.
SYN038,Family-care priority,31,"Weekend trip to Chicago, $180, Greyhound","bus and hostel, friends going",DEPENDS,Synthetic rule-based vote; not a real participant response.
SYN039,Family-care priority,31,"Weekend trip to Chicago, $180, Greyhound","bus and hostel, friends going",DEPENDS,Synthetic rule-based vote; not a real participant response.
SYN040,Family-care priority,31,"Weekend trip to Chicago, $180, Greyhound","bus and hostel, friends going",DEPENDS,Synthetic rule-based vote; not a real participant response.
SYN041,Wellbeing-balanced,31,"Weekend trip to Chicago, $180, Greyhound","bus and hostel, friends going",DEPENDS,Synthetic rule-based vote; not a real participant response.
SYN042,Wellbeing-balanced,31,"Weekend trip to Chicago, $180, Greyhound","bus and hostel, friends going",DEPENDS,Synthetic rule-based vote; not a real participant response.
SYN043,Wellbeing-balanced,31,"Weekend trip to Chicago, $180, Greyhound","bus and hostel, friends going",DEPENDS,Synthetic rule-based vote; not a real participant response.
SYN044,Wellbeing-balanced,31,"Weekend trip to Chicago, $180, Greyhound","bus and hostel, friends going",DEPENDS,Synthetic rule-based vote; not a real participant response.
SYN045,Wellbeing-balanced,31,"Weekend trip to Chicago, $180, Greyhound","bus and hostel, friends going",DEPENDS,Synthetic rule-based vote; not a real participant response.
SYN046,Wellbeing-balanced,31,"Weekend trip to Chicago, $180, Greyhound","bus and hostel, friends going",DEPENDS,Synthetic rule-based vote; not a real participant response.
SYN047,Wellbeing-balanced,31,"Weekend trip to Chicago, $180, Greyhound","bus and hostel, friends going",DEPENDS,Synthetic rule-based vote; not a real participant response.
SYN048,Wellbeing-balanced,31,"Weekend trip to Chicago, $180, Greyhound","bus and hostel, friends going",DEPENDS,Synthetic rule-based vote; not a real participant response.
SYN049,Wellbeing-balanced,31,"Weekend trip to Chicago, $180, Greyhound","bus and hostel, friends going",DEPENDS,Synthetic rule-based vote; not a real participant response.
SYN050,Wellbeing-balanced,31,"Weekend trip to Chicago, $180, Greyhound","bus and hostel, friends going",DEPENDS,Synthetic rule-based vote; not a real participant response.
SYN001,Essentials-first,32,"Bar tab, $48",Friday night,WANT,Synthetic rule-based vote; not a real participant response.
SYN002,Essentials-first,32,"Bar tab, $48",Friday night,WANT,Synthetic rule-based vote; not a real participant response.
SYN003,Essentials-first,32,"Bar tab, $48",Friday night,WANT,Synthetic rule-based vote; not a real participant response.
SYN004,Essentials-first,32,"Bar tab, $48",Friday night,WANT,Synthetic rule-based vote; not a real participant response.
SYN005,Essentials-first,32,"Bar tab, $48",Friday night,WANT,Synthetic rule-based vote; not a real participant response.
SYN006,Essentials-first,32,"Bar tab, $48",Friday night,WANT,Synthetic rule-based vote; not a real participant response.
SYN007,Essentials-first,32,"Bar tab, $48",Friday night,WANT,Synthetic rule-based vote; not a real participant response.
SYN008,Essentials-first,32,"Bar tab, $48",Friday night,WANT,Synthetic rule-based vote; not a real participant response.
SYN009,Essentials-first,32,"Bar tab, $48",Friday night,WANT,Synthetic rule-based vote; not a real participant response.
SYN010,Essentials-first,32,"Bar tab, $48",Friday night,WANT,Synthetic rule-based vote; not a real participant response.
SYN011,Budget-guarding,32,"Bar tab, $48",Friday night,WANT,Synthetic rule-based vote; not a real participant response.
SYN012,Budget-guarding,32,"Bar tab, $48",Friday night,WANT,Synthetic rule-based vote; not a real participant response.
SYN013,Budget-guarding,32,"Bar tab, $48",Friday night,WANT,Synthetic rule-based vote; not a real participant response.
SYN014,Budget-guarding,32,"Bar tab, $48",Friday night,WANT,Synthetic rule-based vote; not a real participant response.
SYN015,Budget-guarding,32,"Bar tab, $48",Friday night,WANT,Synthetic rule-based vote; not a real participant response.
SYN016,Budget-guarding,32,"Bar tab, $48",Friday night,WANT,Synthetic rule-based vote; not a real participant response.
SYN017,Budget-guarding,32,"Bar tab, $48",Friday night,WANT,Synthetic rule-based vote; not a real participant response.
SYN018,Budget-guarding,32,"Bar tab, $48",Friday night,WANT,Synthetic rule-based vote; not a real participant response.
SYN019,Budget-guarding,32,"Bar tab, $48",Friday night,WANT,Synthetic rule-based vote; not a real participant response.
SYN020,Budget-guarding,32,"Bar tab, $48",Friday night,WANT,Synthetic rule-based vote; not a real participant response.
SYN021,Context-first,32,"Bar tab, $48",Friday night,DEPENDS,Synthetic rule-based vote; not a real participant response.
SYN022,Context-first,32,"Bar tab, $48",Friday night,DEPENDS,Synthetic rule-based vote; not a real participant response.
SYN023,Context-first,32,"Bar tab, $48",Friday night,DEPENDS,Synthetic rule-based vote; not a real participant response.
SYN024,Context-first,32,"Bar tab, $48",Friday night,DEPENDS,Synthetic rule-based vote; not a real participant response.
SYN025,Context-first,32,"Bar tab, $48",Friday night,DEPENDS,Synthetic rule-based vote; not a real participant response.
SYN026,Context-first,32,"Bar tab, $48",Friday night,DEPENDS,Synthetic rule-based vote; not a real participant response.
SYN027,Context-first,32,"Bar tab, $48",Friday night,DEPENDS,Synthetic rule-based vote; not a real participant response.
SYN028,Context-first,32,"Bar tab, $48",Friday night,WANT,Synthetic rule-based vote; not a real participant response.
SYN029,Context-first,32,"Bar tab, $48",Friday night,WANT,Synthetic rule-based vote; not a real participant response.
SYN030,Context-first,32,"Bar tab, $48",Friday night,WANT,Synthetic rule-based vote; not a real participant response.
SYN031,Family-care priority,32,"Bar tab, $48",Friday night,WANT,Synthetic rule-based vote; not a real participant response.
SYN032,Family-care priority,32,"Bar tab, $48",Friday night,WANT,Synthetic rule-based vote; not a real participant response.
SYN033,Family-care priority,32,"Bar tab, $48",Friday night,WANT,Synthetic rule-based vote; not a real participant response.
SYN034,Family-care priority,32,"Bar tab, $48",Friday night,WANT,Synthetic rule-based vote; not a real participant response.
SYN035,Family-care priority,32,"Bar tab, $48",Friday night,WANT,Synthetic rule-based vote; not a real participant response.
SYN036,Family-care priority,32,"Bar tab, $48",Friday night,WANT,Synthetic rule-based vote; not a real participant response.
SYN037,Family-care priority,32,"Bar tab, $48",Friday night,WANT,Synthetic rule-based vote; not a real participant response.
SYN038,Family-care priority,32,"Bar tab, $48",Friday night,WANT,Synthetic rule-based vote; not a real participant response.
SYN039,Family-care priority,32,"Bar tab, $48",Friday night,WANT,Synthetic rule-based vote; not a real participant response.
SYN040,Family-care priority,32,"Bar tab, $48",Friday night,WANT,Synthetic rule-based vote; not a real participant response.
SYN041,Wellbeing-balanced,32,"Bar tab, $48",Friday night,WANT,Synthetic rule-based vote; not a real participant response.
SYN042,Wellbeing-balanced,32,"Bar tab, $48",Friday night,WANT,Synthetic rule-based vote; not a real participant response.
SYN043,Wellbeing-balanced,32,"Bar tab, $48",Friday night,WANT,Synthetic rule-based vote; not a real participant response.
SYN044,Wellbeing-balanced,32,"Bar tab, $48",Friday night,WANT,Synthetic rule-based vote; not a real participant response.
SYN045,Wellbeing-balanced,32,"Bar tab, $48",Friday night,WANT,Synthetic rule-based vote; not a real participant response.
SYN046,Wellbeing-balanced,32,"Bar tab, $48",Friday night,WANT,Synthetic rule-based vote; not a real participant response.
SYN047,Wellbeing-balanced,32,"Bar tab, $48",Friday night,WANT,Synthetic rule-based vote; not a real participant response.
SYN048,Wellbeing-balanced,32,"Bar tab, $48",Friday night,WANT,Synthetic rule-based vote; not a real participant response.
SYN049,Wellbeing-balanced,32,"Bar tab, $48",Friday night,WANT,Synthetic rule-based vote; not a real participant response.
SYN050,Wellbeing-balanced,32,"Bar tab, $48",Friday night,WANT,Synthetic rule-based vote; not a real participant response.
SYN001,Essentials-first,33,"Fast fashion haul, $73, Shein",nine items,WANT,Synthetic rule-based vote; not a real participant response.
SYN002,Essentials-first,33,"Fast fashion haul, $73, Shein",nine items,WANT,Synthetic rule-based vote; not a real participant response.
SYN003,Essentials-first,33,"Fast fashion haul, $73, Shein",nine items,WANT,Synthetic rule-based vote; not a real participant response.
SYN004,Essentials-first,33,"Fast fashion haul, $73, Shein",nine items,WANT,Synthetic rule-based vote; not a real participant response.
SYN005,Essentials-first,33,"Fast fashion haul, $73, Shein",nine items,WANT,Synthetic rule-based vote; not a real participant response.
SYN006,Essentials-first,33,"Fast fashion haul, $73, Shein",nine items,WANT,Synthetic rule-based vote; not a real participant response.
SYN007,Essentials-first,33,"Fast fashion haul, $73, Shein",nine items,WANT,Synthetic rule-based vote; not a real participant response.
SYN008,Essentials-first,33,"Fast fashion haul, $73, Shein",nine items,WANT,Synthetic rule-based vote; not a real participant response.
SYN009,Essentials-first,33,"Fast fashion haul, $73, Shein",nine items,WANT,Synthetic rule-based vote; not a real participant response.
SYN010,Essentials-first,33,"Fast fashion haul, $73, Shein",nine items,WANT,Synthetic rule-based vote; not a real participant response.
SYN011,Budget-guarding,33,"Fast fashion haul, $73, Shein",nine items,WANT,Synthetic rule-based vote; not a real participant response.
SYN012,Budget-guarding,33,"Fast fashion haul, $73, Shein",nine items,WANT,Synthetic rule-based vote; not a real participant response.
SYN013,Budget-guarding,33,"Fast fashion haul, $73, Shein",nine items,WANT,Synthetic rule-based vote; not a real participant response.
SYN014,Budget-guarding,33,"Fast fashion haul, $73, Shein",nine items,WANT,Synthetic rule-based vote; not a real participant response.
SYN015,Budget-guarding,33,"Fast fashion haul, $73, Shein",nine items,WANT,Synthetic rule-based vote; not a real participant response.
SYN016,Budget-guarding,33,"Fast fashion haul, $73, Shein",nine items,WANT,Synthetic rule-based vote; not a real participant response.
SYN017,Budget-guarding,33,"Fast fashion haul, $73, Shein",nine items,WANT,Synthetic rule-based vote; not a real participant response.
SYN018,Budget-guarding,33,"Fast fashion haul, $73, Shein",nine items,WANT,Synthetic rule-based vote; not a real participant response.
SYN019,Budget-guarding,33,"Fast fashion haul, $73, Shein",nine items,WANT,Synthetic rule-based vote; not a real participant response.
SYN020,Budget-guarding,33,"Fast fashion haul, $73, Shein",nine items,WANT,Synthetic rule-based vote; not a real participant response.
SYN021,Context-first,33,"Fast fashion haul, $73, Shein",nine items,WANT,Synthetic rule-based vote; not a real participant response.
SYN022,Context-first,33,"Fast fashion haul, $73, Shein",nine items,WANT,Synthetic rule-based vote; not a real participant response.
SYN023,Context-first,33,"Fast fashion haul, $73, Shein",nine items,WANT,Synthetic rule-based vote; not a real participant response.
SYN024,Context-first,33,"Fast fashion haul, $73, Shein",nine items,WANT,Synthetic rule-based vote; not a real participant response.
SYN025,Context-first,33,"Fast fashion haul, $73, Shein",nine items,WANT,Synthetic rule-based vote; not a real participant response.
SYN026,Context-first,33,"Fast fashion haul, $73, Shein",nine items,WANT,Synthetic rule-based vote; not a real participant response.
SYN027,Context-first,33,"Fast fashion haul, $73, Shein",nine items,WANT,Synthetic rule-based vote; not a real participant response.
SYN028,Context-first,33,"Fast fashion haul, $73, Shein",nine items,WANT,Synthetic rule-based vote; not a real participant response.
SYN029,Context-first,33,"Fast fashion haul, $73, Shein",nine items,WANT,Synthetic rule-based vote; not a real participant response.
SYN030,Context-first,33,"Fast fashion haul, $73, Shein",nine items,WANT,Synthetic rule-based vote; not a real participant response.
SYN031,Family-care priority,33,"Fast fashion haul, $73, Shein",nine items,WANT,Synthetic rule-based vote; not a real participant response.
SYN032,Family-care priority,33,"Fast fashion haul, $73, Shein",nine items,WANT,Synthetic rule-based vote; not a real participant response.
SYN033,Family-care priority,33,"Fast fashion haul, $73, Shein",nine items,WANT,Synthetic rule-based vote; not a real participant response.
SYN034,Family-care priority,33,"Fast fashion haul, $73, Shein",nine items,WANT,Synthetic rule-based vote; not a real participant response.
SYN035,Family-care priority,33,"Fast fashion haul, $73, Shein",nine items,WANT,Synthetic rule-based vote; not a real participant response.
SYN036,Family-care priority,33,"Fast fashion haul, $73, Shein",nine items,WANT,Synthetic rule-based vote; not a real participant response.
SYN037,Family-care priority,33,"Fast fashion haul, $73, Shein",nine items,WANT,Synthetic rule-based vote; not a real participant response.
SYN038,Family-care priority,33,"Fast fashion haul, $73, Shein",nine items,WANT,Synthetic rule-based vote; not a real participant response.
SYN039,Family-care priority,33,"Fast fashion haul, $73, Shein",nine items,WANT,Synthetic rule-based vote; not a real participant response.
SYN040,Family-care priority,33,"Fast fashion haul, $73, Shein",nine items,WANT,Synthetic rule-based vote; not a real participant response.
SYN041,Wellbeing-balanced,33,"Fast fashion haul, $73, Shein",nine items,WANT,Synthetic rule-based vote; not a real participant response.
SYN042,Wellbeing-balanced,33,"Fast fashion haul, $73, Shein",nine items,WANT,Synthetic rule-based vote; not a real participant response.
SYN043,Wellbeing-balanced,33,"Fast fashion haul, $73, Shein",nine items,WANT,Synthetic rule-based vote; not a real participant response.
SYN044,Wellbeing-balanced,33,"Fast fashion haul, $73, Shein",nine items,WANT,Synthetic rule-based vote; not a real participant response.
SYN045,Wellbeing-balanced,33,"Fast fashion haul, $73, Shein",nine items,WANT,Synthetic rule-based vote; not a real participant response.
SYN046,Wellbeing-balanced,33,"Fast fashion haul, $73, Shein",nine items,WANT,Synthetic rule-based vote; not a real participant response.
SYN047,Wellbeing-balanced,33,"Fast fashion haul, $73, Shein",nine items,WANT,Synthetic rule-based vote; not a real participant response.
SYN048,Wellbeing-balanced,33,"Fast fashion haul, $73, Shein",nine items,WANT,Synthetic rule-based vote; not a real participant response.
SYN049,Wellbeing-balanced,33,"Fast fashion haul, $73, Shein",nine items,WANT,Synthetic rule-based vote; not a real participant response.
SYN050,Wellbeing-balanced,33,"Fast fashion haul, $73, Shein",nine items,WANT,Synthetic rule-based vote; not a real participant response.
SYN001,Essentials-first,34,"Gym membership, $25, Planet Fitness","monthly, goes 3x a week",DEPENDS,Synthetic rule-based vote; not a real participant response.
SYN002,Essentials-first,34,"Gym membership, $25, Planet Fitness","monthly, goes 3x a week",DEPENDS,Synthetic rule-based vote; not a real participant response.
SYN003,Essentials-first,34,"Gym membership, $25, Planet Fitness","monthly, goes 3x a week",DEPENDS,Synthetic rule-based vote; not a real participant response.
SYN004,Essentials-first,34,"Gym membership, $25, Planet Fitness","monthly, goes 3x a week",DEPENDS,Synthetic rule-based vote; not a real participant response.
SYN005,Essentials-first,34,"Gym membership, $25, Planet Fitness","monthly, goes 3x a week",DEPENDS,Synthetic rule-based vote; not a real participant response.
SYN006,Essentials-first,34,"Gym membership, $25, Planet Fitness","monthly, goes 3x a week",DEPENDS,Synthetic rule-based vote; not a real participant response.
SYN007,Essentials-first,34,"Gym membership, $25, Planet Fitness","monthly, goes 3x a week",DEPENDS,Synthetic rule-based vote; not a real participant response.
SYN008,Essentials-first,34,"Gym membership, $25, Planet Fitness","monthly, goes 3x a week",DEPENDS,Synthetic rule-based vote; not a real participant response.
SYN009,Essentials-first,34,"Gym membership, $25, Planet Fitness","monthly, goes 3x a week",DEPENDS,Synthetic rule-based vote; not a real participant response.
SYN010,Essentials-first,34,"Gym membership, $25, Planet Fitness","monthly, goes 3x a week",DEPENDS,Synthetic rule-based vote; not a real participant response.
SYN011,Budget-guarding,34,"Gym membership, $25, Planet Fitness","monthly, goes 3x a week",DEPENDS,Synthetic rule-based vote; not a real participant response.
SYN012,Budget-guarding,34,"Gym membership, $25, Planet Fitness","monthly, goes 3x a week",WANT,Synthetic rule-based vote; not a real participant response.
SYN013,Budget-guarding,34,"Gym membership, $25, Planet Fitness","monthly, goes 3x a week",WANT,Synthetic rule-based vote; not a real participant response.
SYN014,Budget-guarding,34,"Gym membership, $25, Planet Fitness","monthly, goes 3x a week",WANT,Synthetic rule-based vote; not a real participant response.
SYN015,Budget-guarding,34,"Gym membership, $25, Planet Fitness","monthly, goes 3x a week",WANT,Synthetic rule-based vote; not a real participant response.
SYN016,Budget-guarding,34,"Gym membership, $25, Planet Fitness","monthly, goes 3x a week",WANT,Synthetic rule-based vote; not a real participant response.
SYN017,Budget-guarding,34,"Gym membership, $25, Planet Fitness","monthly, goes 3x a week",WANT,Synthetic rule-based vote; not a real participant response.
SYN018,Budget-guarding,34,"Gym membership, $25, Planet Fitness","monthly, goes 3x a week",WANT,Synthetic rule-based vote; not a real participant response.
SYN019,Budget-guarding,34,"Gym membership, $25, Planet Fitness","monthly, goes 3x a week",WANT,Synthetic rule-based vote; not a real participant response.
SYN020,Budget-guarding,34,"Gym membership, $25, Planet Fitness","monthly, goes 3x a week",WANT,Synthetic rule-based vote; not a real participant response.
SYN021,Context-first,34,"Gym membership, $25, Planet Fitness","monthly, goes 3x a week",DEPENDS,Synthetic rule-based vote; not a real participant response.
SYN022,Context-first,34,"Gym membership, $25, Planet Fitness","monthly, goes 3x a week",DEPENDS,Synthetic rule-based vote; not a real participant response.
SYN023,Context-first,34,"Gym membership, $25, Planet Fitness","monthly, goes 3x a week",DEPENDS,Synthetic rule-based vote; not a real participant response.
SYN024,Context-first,34,"Gym membership, $25, Planet Fitness","monthly, goes 3x a week",DEPENDS,Synthetic rule-based vote; not a real participant response.
SYN025,Context-first,34,"Gym membership, $25, Planet Fitness","monthly, goes 3x a week",DEPENDS,Synthetic rule-based vote; not a real participant response.
SYN026,Context-first,34,"Gym membership, $25, Planet Fitness","monthly, goes 3x a week",DEPENDS,Synthetic rule-based vote; not a real participant response.
SYN027,Context-first,34,"Gym membership, $25, Planet Fitness","monthly, goes 3x a week",DEPENDS,Synthetic rule-based vote; not a real participant response.
SYN028,Context-first,34,"Gym membership, $25, Planet Fitness","monthly, goes 3x a week",DEPENDS,Synthetic rule-based vote; not a real participant response.
SYN029,Context-first,34,"Gym membership, $25, Planet Fitness","monthly, goes 3x a week",DEPENDS,Synthetic rule-based vote; not a real participant response.
SYN030,Context-first,34,"Gym membership, $25, Planet Fitness","monthly, goes 3x a week",DEPENDS,Synthetic rule-based vote; not a real participant response.
SYN031,Family-care priority,34,"Gym membership, $25, Planet Fitness","monthly, goes 3x a week",DEPENDS,Synthetic rule-based vote; not a real participant response.
SYN032,Family-care priority,34,"Gym membership, $25, Planet Fitness","monthly, goes 3x a week",DEPENDS,Synthetic rule-based vote; not a real participant response.
SYN033,Family-care priority,34,"Gym membership, $25, Planet Fitness","monthly, goes 3x a week",DEPENDS,Synthetic rule-based vote; not a real participant response.
SYN034,Family-care priority,34,"Gym membership, $25, Planet Fitness","monthly, goes 3x a week",DEPENDS,Synthetic rule-based vote; not a real participant response.
SYN035,Family-care priority,34,"Gym membership, $25, Planet Fitness","monthly, goes 3x a week",DEPENDS,Synthetic rule-based vote; not a real participant response.
SYN036,Family-care priority,34,"Gym membership, $25, Planet Fitness","monthly, goes 3x a week",DEPENDS,Synthetic rule-based vote; not a real participant response.
SYN037,Family-care priority,34,"Gym membership, $25, Planet Fitness","monthly, goes 3x a week",DEPENDS,Synthetic rule-based vote; not a real participant response.
SYN038,Family-care priority,34,"Gym membership, $25, Planet Fitness","monthly, goes 3x a week",DEPENDS,Synthetic rule-based vote; not a real participant response.
SYN039,Family-care priority,34,"Gym membership, $25, Planet Fitness","monthly, goes 3x a week",DEPENDS,Synthetic rule-based vote; not a real participant response.
SYN040,Family-care priority,34,"Gym membership, $25, Planet Fitness","monthly, goes 3x a week",DEPENDS,Synthetic rule-based vote; not a real participant response.
SYN041,Wellbeing-balanced,34,"Gym membership, $25, Planet Fitness","monthly, goes 3x a week",DEPENDS,Synthetic rule-based vote; not a real participant response.
SYN042,Wellbeing-balanced,34,"Gym membership, $25, Planet Fitness","monthly, goes 3x a week",DEPENDS,Synthetic rule-based vote; not a real participant response.
SYN043,Wellbeing-balanced,34,"Gym membership, $25, Planet Fitness","monthly, goes 3x a week",DEPENDS,Synthetic rule-based vote; not a real participant response.
SYN044,Wellbeing-balanced,34,"Gym membership, $25, Planet Fitness","monthly, goes 3x a week",DEPENDS,Synthetic rule-based vote; not a real participant response.
SYN045,Wellbeing-balanced,34,"Gym membership, $25, Planet Fitness","monthly, goes 3x a week",DEPENDS,Synthetic rule-based vote; not a real participant response.
SYN046,Wellbeing-balanced,34,"Gym membership, $25, Planet Fitness","monthly, goes 3x a week",DEPENDS,Synthetic rule-based vote; not a real participant response.
SYN047,Wellbeing-balanced,34,"Gym membership, $25, Planet Fitness","monthly, goes 3x a week",DEPENDS,Synthetic rule-based vote; not a real participant response.
SYN048,Wellbeing-balanced,34,"Gym membership, $25, Planet Fitness","monthly, goes 3x a week",DEPENDS,Synthetic rule-based vote; not a real participant response.
SYN049,Wellbeing-balanced,34,"Gym membership, $25, Planet Fitness","monthly, goes 3x a week",DEPENDS,Synthetic rule-based vote; not a real participant response.
SYN050,Wellbeing-balanced,34,"Gym membership, $25, Planet Fitness","monthly, goes 3x a week",DEPENDS,Synthetic rule-based vote; not a real participant response.
SYN001,Essentials-first,35,"New phone, $799, Apple","screen cracked, phone still works",DEPENDS,Synthetic rule-based vote; not a real participant response.
SYN002,Essentials-first,35,"New phone, $799, Apple","screen cracked, phone still works",DEPENDS,Synthetic rule-based vote; not a real participant response.
SYN003,Essentials-first,35,"New phone, $799, Apple","screen cracked, phone still works",DEPENDS,Synthetic rule-based vote; not a real participant response.
SYN004,Essentials-first,35,"New phone, $799, Apple","screen cracked, phone still works",DEPENDS,Synthetic rule-based vote; not a real participant response.
SYN005,Essentials-first,35,"New phone, $799, Apple","screen cracked, phone still works",DEPENDS,Synthetic rule-based vote; not a real participant response.
SYN006,Essentials-first,35,"New phone, $799, Apple","screen cracked, phone still works",DEPENDS,Synthetic rule-based vote; not a real participant response.
SYN007,Essentials-first,35,"New phone, $799, Apple","screen cracked, phone still works",DEPENDS,Synthetic rule-based vote; not a real participant response.
SYN008,Essentials-first,35,"New phone, $799, Apple","screen cracked, phone still works",DEPENDS,Synthetic rule-based vote; not a real participant response.
SYN009,Essentials-first,35,"New phone, $799, Apple","screen cracked, phone still works",DEPENDS,Synthetic rule-based vote; not a real participant response.
SYN010,Essentials-first,35,"New phone, $799, Apple","screen cracked, phone still works",DEPENDS,Synthetic rule-based vote; not a real participant response.
SYN011,Budget-guarding,35,"New phone, $799, Apple","screen cracked, phone still works",DEPENDS,Synthetic rule-based vote; not a real participant response.
SYN012,Budget-guarding,35,"New phone, $799, Apple","screen cracked, phone still works",WANT,Synthetic rule-based vote; not a real participant response.
SYN013,Budget-guarding,35,"New phone, $799, Apple","screen cracked, phone still works",WANT,Synthetic rule-based vote; not a real participant response.
SYN014,Budget-guarding,35,"New phone, $799, Apple","screen cracked, phone still works",WANT,Synthetic rule-based vote; not a real participant response.
SYN015,Budget-guarding,35,"New phone, $799, Apple","screen cracked, phone still works",WANT,Synthetic rule-based vote; not a real participant response.
SYN016,Budget-guarding,35,"New phone, $799, Apple","screen cracked, phone still works",WANT,Synthetic rule-based vote; not a real participant response.
SYN017,Budget-guarding,35,"New phone, $799, Apple","screen cracked, phone still works",WANT,Synthetic rule-based vote; not a real participant response.
SYN018,Budget-guarding,35,"New phone, $799, Apple","screen cracked, phone still works",WANT,Synthetic rule-based vote; not a real participant response.
SYN019,Budget-guarding,35,"New phone, $799, Apple","screen cracked, phone still works",WANT,Synthetic rule-based vote; not a real participant response.
SYN020,Budget-guarding,35,"New phone, $799, Apple","screen cracked, phone still works",WANT,Synthetic rule-based vote; not a real participant response.
SYN021,Context-first,35,"New phone, $799, Apple","screen cracked, phone still works",DEPENDS,Synthetic rule-based vote; not a real participant response.
SYN022,Context-first,35,"New phone, $799, Apple","screen cracked, phone still works",DEPENDS,Synthetic rule-based vote; not a real participant response.
SYN023,Context-first,35,"New phone, $799, Apple","screen cracked, phone still works",DEPENDS,Synthetic rule-based vote; not a real participant response.
SYN024,Context-first,35,"New phone, $799, Apple","screen cracked, phone still works",DEPENDS,Synthetic rule-based vote; not a real participant response.
SYN025,Context-first,35,"New phone, $799, Apple","screen cracked, phone still works",DEPENDS,Synthetic rule-based vote; not a real participant response.
SYN026,Context-first,35,"New phone, $799, Apple","screen cracked, phone still works",DEPENDS,Synthetic rule-based vote; not a real participant response.
SYN027,Context-first,35,"New phone, $799, Apple","screen cracked, phone still works",DEPENDS,Synthetic rule-based vote; not a real participant response.
SYN028,Context-first,35,"New phone, $799, Apple","screen cracked, phone still works",DEPENDS,Synthetic rule-based vote; not a real participant response.
SYN029,Context-first,35,"New phone, $799, Apple","screen cracked, phone still works",DEPENDS,Synthetic rule-based vote; not a real participant response.
SYN030,Context-first,35,"New phone, $799, Apple","screen cracked, phone still works",DEPENDS,Synthetic rule-based vote; not a real participant response.
SYN031,Family-care priority,35,"New phone, $799, Apple","screen cracked, phone still works",DEPENDS,Synthetic rule-based vote; not a real participant response.
SYN032,Family-care priority,35,"New phone, $799, Apple","screen cracked, phone still works",DEPENDS,Synthetic rule-based vote; not a real participant response.
SYN033,Family-care priority,35,"New phone, $799, Apple","screen cracked, phone still works",DEPENDS,Synthetic rule-based vote; not a real participant response.
SYN034,Family-care priority,35,"New phone, $799, Apple","screen cracked, phone still works",DEPENDS,Synthetic rule-based vote; not a real participant response.
SYN035,Family-care priority,35,"New phone, $799, Apple","screen cracked, phone still works",DEPENDS,Synthetic rule-based vote; not a real participant response.
SYN036,Family-care priority,35,"New phone, $799, Apple","screen cracked, phone still works",DEPENDS,Synthetic rule-based vote; not a real participant response.
SYN037,Family-care priority,35,"New phone, $799, Apple","screen cracked, phone still works",DEPENDS,Synthetic rule-based vote; not a real participant response.
SYN038,Family-care priority,35,"New phone, $799, Apple","screen cracked, phone still works",DEPENDS,Synthetic rule-based vote; not a real participant response.
SYN039,Family-care priority,35,"New phone, $799, Apple","screen cracked, phone still works",DEPENDS,Synthetic rule-based vote; not a real participant response.
SYN040,Family-care priority,35,"New phone, $799, Apple","screen cracked, phone still works",DEPENDS,Synthetic rule-based vote; not a real participant response.
SYN041,Wellbeing-balanced,35,"New phone, $799, Apple","screen cracked, phone still works",DEPENDS,Synthetic rule-based vote; not a real participant response.
SYN042,Wellbeing-balanced,35,"New phone, $799, Apple","screen cracked, phone still works",DEPENDS,Synthetic rule-based vote; not a real participant response.
SYN043,Wellbeing-balanced,35,"New phone, $799, Apple","screen cracked, phone still works",DEPENDS,Synthetic rule-based vote; not a real participant response.
SYN044,Wellbeing-balanced,35,"New phone, $799, Apple","screen cracked, phone still works",DEPENDS,Synthetic rule-based vote; not a real participant response.
SYN045,Wellbeing-balanced,35,"New phone, $799, Apple","screen cracked, phone still works",DEPENDS,Synthetic rule-based vote; not a real participant response.
SYN046,Wellbeing-balanced,35,"New phone, $799, Apple","screen cracked, phone still works",DEPENDS,Synthetic rule-based vote; not a real participant response.
SYN047,Wellbeing-balanced,35,"New phone, $799, Apple","screen cracked, phone still works",DEPENDS,Synthetic rule-based vote; not a real participant response.
SYN048,Wellbeing-balanced,35,"New phone, $799, Apple","screen cracked, phone still works",DEPENDS,Synthetic rule-based vote; not a real participant response.
SYN049,Wellbeing-balanced,35,"New phone, $799, Apple","screen cracked, phone still works",DEPENDS,Synthetic rule-based vote; not a real participant response.
SYN050,Wellbeing-balanced,35,"New phone, $799, Apple","screen cracked, phone still works",DEPENDS,Synthetic rule-based vote; not a real participant response.
SYN001,Essentials-first,36,"Chipotle, $13","12 hour day on campus, no food at home",DEPENDS,Synthetic rule-based vote; not a real participant response.
SYN002,Essentials-first,36,"Chipotle, $13","12 hour day on campus, no food at home",DEPENDS,Synthetic rule-based vote; not a real participant response.
SYN003,Essentials-first,36,"Chipotle, $13","12 hour day on campus, no food at home",DEPENDS,Synthetic rule-based vote; not a real participant response.
SYN004,Essentials-first,36,"Chipotle, $13","12 hour day on campus, no food at home",DEPENDS,Synthetic rule-based vote; not a real participant response.
SYN005,Essentials-first,36,"Chipotle, $13","12 hour day on campus, no food at home",DEPENDS,Synthetic rule-based vote; not a real participant response.
SYN006,Essentials-first,36,"Chipotle, $13","12 hour day on campus, no food at home",DEPENDS,Synthetic rule-based vote; not a real participant response.
SYN007,Essentials-first,36,"Chipotle, $13","12 hour day on campus, no food at home",DEPENDS,Synthetic rule-based vote; not a real participant response.
SYN008,Essentials-first,36,"Chipotle, $13","12 hour day on campus, no food at home",DEPENDS,Synthetic rule-based vote; not a real participant response.
SYN009,Essentials-first,36,"Chipotle, $13","12 hour day on campus, no food at home",DEPENDS,Synthetic rule-based vote; not a real participant response.
SYN010,Essentials-first,36,"Chipotle, $13","12 hour day on campus, no food at home",DEPENDS,Synthetic rule-based vote; not a real participant response.
SYN011,Budget-guarding,36,"Chipotle, $13","12 hour day on campus, no food at home",DEPENDS,Synthetic rule-based vote; not a real participant response.
SYN012,Budget-guarding,36,"Chipotle, $13","12 hour day on campus, no food at home",DEPENDS,Synthetic rule-based vote; not a real participant response.
SYN013,Budget-guarding,36,"Chipotle, $13","12 hour day on campus, no food at home",WANT,Synthetic rule-based vote; not a real participant response.
SYN014,Budget-guarding,36,"Chipotle, $13","12 hour day on campus, no food at home",WANT,Synthetic rule-based vote; not a real participant response.
SYN015,Budget-guarding,36,"Chipotle, $13","12 hour day on campus, no food at home",WANT,Synthetic rule-based vote; not a real participant response.
SYN016,Budget-guarding,36,"Chipotle, $13","12 hour day on campus, no food at home",WANT,Synthetic rule-based vote; not a real participant response.
SYN017,Budget-guarding,36,"Chipotle, $13","12 hour day on campus, no food at home",WANT,Synthetic rule-based vote; not a real participant response.
SYN018,Budget-guarding,36,"Chipotle, $13","12 hour day on campus, no food at home",WANT,Synthetic rule-based vote; not a real participant response.
SYN019,Budget-guarding,36,"Chipotle, $13","12 hour day on campus, no food at home",WANT,Synthetic rule-based vote; not a real participant response.
SYN020,Budget-guarding,36,"Chipotle, $13","12 hour day on campus, no food at home",WANT,Synthetic rule-based vote; not a real participant response.
SYN021,Context-first,36,"Chipotle, $13","12 hour day on campus, no food at home",DEPENDS,Synthetic rule-based vote; not a real participant response.
SYN022,Context-first,36,"Chipotle, $13","12 hour day on campus, no food at home",DEPENDS,Synthetic rule-based vote; not a real participant response.
SYN023,Context-first,36,"Chipotle, $13","12 hour day on campus, no food at home",DEPENDS,Synthetic rule-based vote; not a real participant response.
SYN024,Context-first,36,"Chipotle, $13","12 hour day on campus, no food at home",DEPENDS,Synthetic rule-based vote; not a real participant response.
SYN025,Context-first,36,"Chipotle, $13","12 hour day on campus, no food at home",DEPENDS,Synthetic rule-based vote; not a real participant response.
SYN026,Context-first,36,"Chipotle, $13","12 hour day on campus, no food at home",DEPENDS,Synthetic rule-based vote; not a real participant response.
SYN027,Context-first,36,"Chipotle, $13","12 hour day on campus, no food at home",DEPENDS,Synthetic rule-based vote; not a real participant response.
SYN028,Context-first,36,"Chipotle, $13","12 hour day on campus, no food at home",DEPENDS,Synthetic rule-based vote; not a real participant response.
SYN029,Context-first,36,"Chipotle, $13","12 hour day on campus, no food at home",DEPENDS,Synthetic rule-based vote; not a real participant response.
SYN030,Context-first,36,"Chipotle, $13","12 hour day on campus, no food at home",DEPENDS,Synthetic rule-based vote; not a real participant response.
SYN031,Family-care priority,36,"Chipotle, $13","12 hour day on campus, no food at home",DEPENDS,Synthetic rule-based vote; not a real participant response.
SYN032,Family-care priority,36,"Chipotle, $13","12 hour day on campus, no food at home",DEPENDS,Synthetic rule-based vote; not a real participant response.
SYN033,Family-care priority,36,"Chipotle, $13","12 hour day on campus, no food at home",DEPENDS,Synthetic rule-based vote; not a real participant response.
SYN034,Family-care priority,36,"Chipotle, $13","12 hour day on campus, no food at home",DEPENDS,Synthetic rule-based vote; not a real participant response.
SYN035,Family-care priority,36,"Chipotle, $13","12 hour day on campus, no food at home",DEPENDS,Synthetic rule-based vote; not a real participant response.
SYN036,Family-care priority,36,"Chipotle, $13","12 hour day on campus, no food at home",DEPENDS,Synthetic rule-based vote; not a real participant response.
SYN037,Family-care priority,36,"Chipotle, $13","12 hour day on campus, no food at home",DEPENDS,Synthetic rule-based vote; not a real participant response.
SYN038,Family-care priority,36,"Chipotle, $13","12 hour day on campus, no food at home",DEPENDS,Synthetic rule-based vote; not a real participant response.
SYN039,Family-care priority,36,"Chipotle, $13","12 hour day on campus, no food at home",DEPENDS,Synthetic rule-based vote; not a real participant response.
SYN040,Family-care priority,36,"Chipotle, $13","12 hour day on campus, no food at home",DEPENDS,Synthetic rule-based vote; not a real participant response.
SYN041,Wellbeing-balanced,36,"Chipotle, $13","12 hour day on campus, no food at home",NEED,Synthetic rule-based vote; not a real participant response.
SYN042,Wellbeing-balanced,36,"Chipotle, $13","12 hour day on campus, no food at home",NEED,Synthetic rule-based vote; not a real participant response.
SYN043,Wellbeing-balanced,36,"Chipotle, $13","12 hour day on campus, no food at home",NEED,Synthetic rule-based vote; not a real participant response.
SYN044,Wellbeing-balanced,36,"Chipotle, $13","12 hour day on campus, no food at home",NEED,Synthetic rule-based vote; not a real participant response.
SYN045,Wellbeing-balanced,36,"Chipotle, $13","12 hour day on campus, no food at home",NEED,Synthetic rule-based vote; not a real participant response.
SYN046,Wellbeing-balanced,36,"Chipotle, $13","12 hour day on campus, no food at home",NEED,Synthetic rule-based vote; not a real participant response.
SYN047,Wellbeing-balanced,36,"Chipotle, $13","12 hour day on campus, no food at home",NEED,Synthetic rule-based vote; not a real participant response.
SYN048,Wellbeing-balanced,36,"Chipotle, $13","12 hour day on campus, no food at home",NEED,Synthetic rule-based vote; not a real participant response.
SYN049,Wellbeing-balanced,36,"Chipotle, $13","12 hour day on campus, no food at home",NEED,Synthetic rule-based vote; not a real participant response.
SYN050,Wellbeing-balanced,36,"Chipotle, $13","12 hour day on campus, no food at home",NEED,Synthetic rule-based vote; not a real participant response.
SYN001,Essentials-first,37,"Uber for 2 miles, $22","11pm, alone",NEED,Synthetic rule-based vote; not a real participant response.
SYN002,Essentials-first,37,"Uber for 2 miles, $22","11pm, alone",NEED,Synthetic rule-based vote; not a real participant response.
SYN003,Essentials-first,37,"Uber for 2 miles, $22","11pm, alone",NEED,Synthetic rule-based vote; not a real participant response.
SYN004,Essentials-first,37,"Uber for 2 miles, $22","11pm, alone",NEED,Synthetic rule-based vote; not a real participant response.
SYN005,Essentials-first,37,"Uber for 2 miles, $22","11pm, alone",NEED,Synthetic rule-based vote; not a real participant response.
SYN006,Essentials-first,37,"Uber for 2 miles, $22","11pm, alone",NEED,Synthetic rule-based vote; not a real participant response.
SYN007,Essentials-first,37,"Uber for 2 miles, $22","11pm, alone",NEED,Synthetic rule-based vote; not a real participant response.
SYN008,Essentials-first,37,"Uber for 2 miles, $22","11pm, alone",NEED,Synthetic rule-based vote; not a real participant response.
SYN009,Essentials-first,37,"Uber for 2 miles, $22","11pm, alone",NEED,Synthetic rule-based vote; not a real participant response.
SYN010,Essentials-first,37,"Uber for 2 miles, $22","11pm, alone",NEED,Synthetic rule-based vote; not a real participant response.
SYN011,Budget-guarding,37,"Uber for 2 miles, $22","11pm, alone",NEED,Synthetic rule-based vote; not a real participant response.
SYN012,Budget-guarding,37,"Uber for 2 miles, $22","11pm, alone",NEED,Synthetic rule-based vote; not a real participant response.
SYN013,Budget-guarding,37,"Uber for 2 miles, $22","11pm, alone",NEED,Synthetic rule-based vote; not a real participant response.
SYN014,Budget-guarding,37,"Uber for 2 miles, $22","11pm, alone",NEED,Synthetic rule-based vote; not a real participant response.
SYN015,Budget-guarding,37,"Uber for 2 miles, $22","11pm, alone",NEED,Synthetic rule-based vote; not a real participant response.
SYN016,Budget-guarding,37,"Uber for 2 miles, $22","11pm, alone",NEED,Synthetic rule-based vote; not a real participant response.
SYN017,Budget-guarding,37,"Uber for 2 miles, $22","11pm, alone",NEED,Synthetic rule-based vote; not a real participant response.
SYN018,Budget-guarding,37,"Uber for 2 miles, $22","11pm, alone",NEED,Synthetic rule-based vote; not a real participant response.
SYN019,Budget-guarding,37,"Uber for 2 miles, $22","11pm, alone",NEED,Synthetic rule-based vote; not a real participant response.
SYN020,Budget-guarding,37,"Uber for 2 miles, $22","11pm, alone",NEED,Synthetic rule-based vote; not a real participant response.
SYN021,Context-first,37,"Uber for 2 miles, $22","11pm, alone",NEED,Synthetic rule-based vote; not a real participant response.
SYN022,Context-first,37,"Uber for 2 miles, $22","11pm, alone",NEED,Synthetic rule-based vote; not a real participant response.
SYN023,Context-first,37,"Uber for 2 miles, $22","11pm, alone",NEED,Synthetic rule-based vote; not a real participant response.
SYN024,Context-first,37,"Uber for 2 miles, $22","11pm, alone",NEED,Synthetic rule-based vote; not a real participant response.
SYN025,Context-first,37,"Uber for 2 miles, $22","11pm, alone",NEED,Synthetic rule-based vote; not a real participant response.
SYN026,Context-first,37,"Uber for 2 miles, $22","11pm, alone",NEED,Synthetic rule-based vote; not a real participant response.
SYN027,Context-first,37,"Uber for 2 miles, $22","11pm, alone",NEED,Synthetic rule-based vote; not a real participant response.
SYN028,Context-first,37,"Uber for 2 miles, $22","11pm, alone",NEED,Synthetic rule-based vote; not a real participant response.
SYN029,Context-first,37,"Uber for 2 miles, $22","11pm, alone",NEED,Synthetic rule-based vote; not a real participant response.
SYN030,Context-first,37,"Uber for 2 miles, $22","11pm, alone",NEED,Synthetic rule-based vote; not a real participant response.
SYN031,Family-care priority,37,"Uber for 2 miles, $22","11pm, alone",NEED,Synthetic rule-based vote; not a real participant response.
SYN032,Family-care priority,37,"Uber for 2 miles, $22","11pm, alone",NEED,Synthetic rule-based vote; not a real participant response.
SYN033,Family-care priority,37,"Uber for 2 miles, $22","11pm, alone",NEED,Synthetic rule-based vote; not a real participant response.
SYN034,Family-care priority,37,"Uber for 2 miles, $22","11pm, alone",NEED,Synthetic rule-based vote; not a real participant response.
SYN035,Family-care priority,37,"Uber for 2 miles, $22","11pm, alone",NEED,Synthetic rule-based vote; not a real participant response.
SYN036,Family-care priority,37,"Uber for 2 miles, $22","11pm, alone",NEED,Synthetic rule-based vote; not a real participant response.
SYN037,Family-care priority,37,"Uber for 2 miles, $22","11pm, alone",NEED,Synthetic rule-based vote; not a real participant response.
SYN038,Family-care priority,37,"Uber for 2 miles, $22","11pm, alone",NEED,Synthetic rule-based vote; not a real participant response.
SYN039,Family-care priority,37,"Uber for 2 miles, $22","11pm, alone",NEED,Synthetic rule-based vote; not a real participant response.
SYN040,Family-care priority,37,"Uber for 2 miles, $22","11pm, alone",NEED,Synthetic rule-based vote; not a real participant response.
SYN041,Wellbeing-balanced,37,"Uber for 2 miles, $22","11pm, alone",NEED,Synthetic rule-based vote; not a real participant response.
SYN042,Wellbeing-balanced,37,"Uber for 2 miles, $22","11pm, alone",NEED,Synthetic rule-based vote; not a real participant response.
SYN043,Wellbeing-balanced,37,"Uber for 2 miles, $22","11pm, alone",NEED,Synthetic rule-based vote; not a real participant response.
SYN044,Wellbeing-balanced,37,"Uber for 2 miles, $22","11pm, alone",NEED,Synthetic rule-based vote; not a real participant response.
SYN045,Wellbeing-balanced,37,"Uber for 2 miles, $22","11pm, alone",NEED,Synthetic rule-based vote; not a real participant response.
SYN046,Wellbeing-balanced,37,"Uber for 2 miles, $22","11pm, alone",NEED,Synthetic rule-based vote; not a real participant response.
SYN047,Wellbeing-balanced,37,"Uber for 2 miles, $22","11pm, alone",NEED,Synthetic rule-based vote; not a real participant response.
SYN048,Wellbeing-balanced,37,"Uber for 2 miles, $22","11pm, alone",NEED,Synthetic rule-based vote; not a real participant response.
SYN049,Wellbeing-balanced,37,"Uber for 2 miles, $22","11pm, alone",NEED,Synthetic rule-based vote; not a real participant response.
SYN050,Wellbeing-balanced,37,"Uber for 2 miles, $22","11pm, alone",NEED,Synthetic rule-based vote; not a real participant response.
SYN001,Essentials-first,38,"Tattoo, $150, tattoo studio",planned for a year,DEPENDS,Synthetic rule-based vote; not a real participant response.
SYN002,Essentials-first,38,"Tattoo, $150, tattoo studio",planned for a year,DEPENDS,Synthetic rule-based vote; not a real participant response.
SYN003,Essentials-first,38,"Tattoo, $150, tattoo studio",planned for a year,DEPENDS,Synthetic rule-based vote; not a real participant response.
SYN004,Essentials-first,38,"Tattoo, $150, tattoo studio",planned for a year,DEPENDS,Synthetic rule-based vote; not a real participant response.
SYN005,Essentials-first,38,"Tattoo, $150, tattoo studio",planned for a year,DEPENDS,Synthetic rule-based vote; not a real participant response.
SYN006,Essentials-first,38,"Tattoo, $150, tattoo studio",planned for a year,DEPENDS,Synthetic rule-based vote; not a real participant response.
SYN007,Essentials-first,38,"Tattoo, $150, tattoo studio",planned for a year,DEPENDS,Synthetic rule-based vote; not a real participant response.
SYN008,Essentials-first,38,"Tattoo, $150, tattoo studio",planned for a year,DEPENDS,Synthetic rule-based vote; not a real participant response.
SYN009,Essentials-first,38,"Tattoo, $150, tattoo studio",planned for a year,DEPENDS,Synthetic rule-based vote; not a real participant response.
SYN010,Essentials-first,38,"Tattoo, $150, tattoo studio",planned for a year,DEPENDS,Synthetic rule-based vote; not a real participant response.
SYN011,Budget-guarding,38,"Tattoo, $150, tattoo studio",planned for a year,DEPENDS,Synthetic rule-based vote; not a real participant response.
SYN012,Budget-guarding,38,"Tattoo, $150, tattoo studio",planned for a year,WANT,Synthetic rule-based vote; not a real participant response.
SYN013,Budget-guarding,38,"Tattoo, $150, tattoo studio",planned for a year,WANT,Synthetic rule-based vote; not a real participant response.
SYN014,Budget-guarding,38,"Tattoo, $150, tattoo studio",planned for a year,WANT,Synthetic rule-based vote; not a real participant response.
SYN015,Budget-guarding,38,"Tattoo, $150, tattoo studio",planned for a year,WANT,Synthetic rule-based vote; not a real participant response.
SYN016,Budget-guarding,38,"Tattoo, $150, tattoo studio",planned for a year,WANT,Synthetic rule-based vote; not a real participant response.
SYN017,Budget-guarding,38,"Tattoo, $150, tattoo studio",planned for a year,WANT,Synthetic rule-based vote; not a real participant response.
SYN018,Budget-guarding,38,"Tattoo, $150, tattoo studio",planned for a year,WANT,Synthetic rule-based vote; not a real participant response.
SYN019,Budget-guarding,38,"Tattoo, $150, tattoo studio",planned for a year,WANT,Synthetic rule-based vote; not a real participant response.
SYN020,Budget-guarding,38,"Tattoo, $150, tattoo studio",planned for a year,WANT,Synthetic rule-based vote; not a real participant response.
SYN021,Context-first,38,"Tattoo, $150, tattoo studio",planned for a year,DEPENDS,Synthetic rule-based vote; not a real participant response.
SYN022,Context-first,38,"Tattoo, $150, tattoo studio",planned for a year,DEPENDS,Synthetic rule-based vote; not a real participant response.
SYN023,Context-first,38,"Tattoo, $150, tattoo studio",planned for a year,DEPENDS,Synthetic rule-based vote; not a real participant response.
SYN024,Context-first,38,"Tattoo, $150, tattoo studio",planned for a year,DEPENDS,Synthetic rule-based vote; not a real participant response.
SYN025,Context-first,38,"Tattoo, $150, tattoo studio",planned for a year,DEPENDS,Synthetic rule-based vote; not a real participant response.
SYN026,Context-first,38,"Tattoo, $150, tattoo studio",planned for a year,DEPENDS,Synthetic rule-based vote; not a real participant response.
SYN027,Context-first,38,"Tattoo, $150, tattoo studio",planned for a year,DEPENDS,Synthetic rule-based vote; not a real participant response.
SYN028,Context-first,38,"Tattoo, $150, tattoo studio",planned for a year,DEPENDS,Synthetic rule-based vote; not a real participant response.
SYN029,Context-first,38,"Tattoo, $150, tattoo studio",planned for a year,DEPENDS,Synthetic rule-based vote; not a real participant response.
SYN030,Context-first,38,"Tattoo, $150, tattoo studio",planned for a year,DEPENDS,Synthetic rule-based vote; not a real participant response.
SYN031,Family-care priority,38,"Tattoo, $150, tattoo studio",planned for a year,DEPENDS,Synthetic rule-based vote; not a real participant response.
SYN032,Family-care priority,38,"Tattoo, $150, tattoo studio",planned for a year,DEPENDS,Synthetic rule-based vote; not a real participant response.
SYN033,Family-care priority,38,"Tattoo, $150, tattoo studio",planned for a year,DEPENDS,Synthetic rule-based vote; not a real participant response.
SYN034,Family-care priority,38,"Tattoo, $150, tattoo studio",planned for a year,DEPENDS,Synthetic rule-based vote; not a real participant response.
SYN035,Family-care priority,38,"Tattoo, $150, tattoo studio",planned for a year,DEPENDS,Synthetic rule-based vote; not a real participant response.
SYN036,Family-care priority,38,"Tattoo, $150, tattoo studio",planned for a year,DEPENDS,Synthetic rule-based vote; not a real participant response.
SYN037,Family-care priority,38,"Tattoo, $150, tattoo studio",planned for a year,DEPENDS,Synthetic rule-based vote; not a real participant response.
SYN038,Family-care priority,38,"Tattoo, $150, tattoo studio",planned for a year,DEPENDS,Synthetic rule-based vote; not a real participant response.
SYN039,Family-care priority,38,"Tattoo, $150, tattoo studio",planned for a year,DEPENDS,Synthetic rule-based vote; not a real participant response.
SYN040,Family-care priority,38,"Tattoo, $150, tattoo studio",planned for a year,DEPENDS,Synthetic rule-based vote; not a real participant response.
SYN041,Wellbeing-balanced,38,"Tattoo, $150, tattoo studio",planned for a year,DEPENDS,Synthetic rule-based vote; not a real participant response.
SYN042,Wellbeing-balanced,38,"Tattoo, $150, tattoo studio",planned for a year,DEPENDS,Synthetic rule-based vote; not a real participant response.
SYN043,Wellbeing-balanced,38,"Tattoo, $150, tattoo studio",planned for a year,DEPENDS,Synthetic rule-based vote; not a real participant response.
SYN044,Wellbeing-balanced,38,"Tattoo, $150, tattoo studio",planned for a year,DEPENDS,Synthetic rule-based vote; not a real participant response.
SYN045,Wellbeing-balanced,38,"Tattoo, $150, tattoo studio",planned for a year,DEPENDS,Synthetic rule-based vote; not a real participant response.
SYN046,Wellbeing-balanced,38,"Tattoo, $150, tattoo studio",planned for a year,DEPENDS,Synthetic rule-based vote; not a real participant response.
SYN047,Wellbeing-balanced,38,"Tattoo, $150, tattoo studio",planned for a year,DEPENDS,Synthetic rule-based vote; not a real participant response.
SYN048,Wellbeing-balanced,38,"Tattoo, $150, tattoo studio",planned for a year,DEPENDS,Synthetic rule-based vote; not a real participant response.
SYN049,Wellbeing-balanced,38,"Tattoo, $150, tattoo studio",planned for a year,DEPENDS,Synthetic rule-based vote; not a real participant response.
SYN050,Wellbeing-balanced,38,"Tattoo, $150, tattoo studio",planned for a year,DEPENDS,Synthetic rule-based vote; not a real participant response.
SYN001,Essentials-first,39,"Birthday gift for mum, $40, Amazon",birthday gift,DEPENDS,Synthetic rule-based vote; not a real participant response.
SYN002,Essentials-first,39,"Birthday gift for mum, $40, Amazon",birthday gift,DEPENDS,Synthetic rule-based vote; not a real participant response.
SYN003,Essentials-first,39,"Birthday gift for mum, $40, Amazon",birthday gift,DEPENDS,Synthetic rule-based vote; not a real participant response.
SYN004,Essentials-first,39,"Birthday gift for mum, $40, Amazon",birthday gift,DEPENDS,Synthetic rule-based vote; not a real participant response.
SYN005,Essentials-first,39,"Birthday gift for mum, $40, Amazon",birthday gift,DEPENDS,Synthetic rule-based vote; not a real participant response.
SYN006,Essentials-first,39,"Birthday gift for mum, $40, Amazon",birthday gift,DEPENDS,Synthetic rule-based vote; not a real participant response.
SYN007,Essentials-first,39,"Birthday gift for mum, $40, Amazon",birthday gift,DEPENDS,Synthetic rule-based vote; not a real participant response.
SYN008,Essentials-first,39,"Birthday gift for mum, $40, Amazon",birthday gift,DEPENDS,Synthetic rule-based vote; not a real participant response.
SYN009,Essentials-first,39,"Birthday gift for mum, $40, Amazon",birthday gift,DEPENDS,Synthetic rule-based vote; not a real participant response.
SYN010,Essentials-first,39,"Birthday gift for mum, $40, Amazon",birthday gift,DEPENDS,Synthetic rule-based vote; not a real participant response.
SYN011,Budget-guarding,39,"Birthday gift for mum, $40, Amazon",birthday gift,WANT,Synthetic rule-based vote; not a real participant response.
SYN012,Budget-guarding,39,"Birthday gift for mum, $40, Amazon",birthday gift,WANT,Synthetic rule-based vote; not a real participant response.
SYN013,Budget-guarding,39,"Birthday gift for mum, $40, Amazon",birthday gift,WANT,Synthetic rule-based vote; not a real participant response.
SYN014,Budget-guarding,39,"Birthday gift for mum, $40, Amazon",birthday gift,WANT,Synthetic rule-based vote; not a real participant response.
SYN015,Budget-guarding,39,"Birthday gift for mum, $40, Amazon",birthday gift,WANT,Synthetic rule-based vote; not a real participant response.
SYN016,Budget-guarding,39,"Birthday gift for mum, $40, Amazon",birthday gift,WANT,Synthetic rule-based vote; not a real participant response.
SYN017,Budget-guarding,39,"Birthday gift for mum, $40, Amazon",birthday gift,WANT,Synthetic rule-based vote; not a real participant response.
SYN018,Budget-guarding,39,"Birthday gift for mum, $40, Amazon",birthday gift,WANT,Synthetic rule-based vote; not a real participant response.
SYN019,Budget-guarding,39,"Birthday gift for mum, $40, Amazon",birthday gift,WANT,Synthetic rule-based vote; not a real participant response.
SYN020,Budget-guarding,39,"Birthday gift for mum, $40, Amazon",birthday gift,WANT,Synthetic rule-based vote; not a real participant response.
SYN021,Context-first,39,"Birthday gift for mum, $40, Amazon",birthday gift,DEPENDS,Synthetic rule-based vote; not a real participant response.
SYN022,Context-first,39,"Birthday gift for mum, $40, Amazon",birthday gift,DEPENDS,Synthetic rule-based vote; not a real participant response.
SYN023,Context-first,39,"Birthday gift for mum, $40, Amazon",birthday gift,DEPENDS,Synthetic rule-based vote; not a real participant response.
SYN024,Context-first,39,"Birthday gift for mum, $40, Amazon",birthday gift,DEPENDS,Synthetic rule-based vote; not a real participant response.
SYN025,Context-first,39,"Birthday gift for mum, $40, Amazon",birthday gift,DEPENDS,Synthetic rule-based vote; not a real participant response.
SYN026,Context-first,39,"Birthday gift for mum, $40, Amazon",birthday gift,DEPENDS,Synthetic rule-based vote; not a real participant response.
SYN027,Context-first,39,"Birthday gift for mum, $40, Amazon",birthday gift,DEPENDS,Synthetic rule-based vote; not a real participant response.
SYN028,Context-first,39,"Birthday gift for mum, $40, Amazon",birthday gift,DEPENDS,Synthetic rule-based vote; not a real participant response.
SYN029,Context-first,39,"Birthday gift for mum, $40, Amazon",birthday gift,DEPENDS,Synthetic rule-based vote; not a real participant response.
SYN030,Context-first,39,"Birthday gift for mum, $40, Amazon",birthday gift,DEPENDS,Synthetic rule-based vote; not a real participant response.
SYN031,Family-care priority,39,"Birthday gift for mum, $40, Amazon",birthday gift,DEPENDS,Synthetic rule-based vote; not a real participant response.
SYN032,Family-care priority,39,"Birthday gift for mum, $40, Amazon",birthday gift,DEPENDS,Synthetic rule-based vote; not a real participant response.
SYN033,Family-care priority,39,"Birthday gift for mum, $40, Amazon",birthday gift,DEPENDS,Synthetic rule-based vote; not a real participant response.
SYN034,Family-care priority,39,"Birthday gift for mum, $40, Amazon",birthday gift,DEPENDS,Synthetic rule-based vote; not a real participant response.
SYN035,Family-care priority,39,"Birthday gift for mum, $40, Amazon",birthday gift,DEPENDS,Synthetic rule-based vote; not a real participant response.
SYN036,Family-care priority,39,"Birthday gift for mum, $40, Amazon",birthday gift,DEPENDS,Synthetic rule-based vote; not a real participant response.
SYN037,Family-care priority,39,"Birthday gift for mum, $40, Amazon",birthday gift,DEPENDS,Synthetic rule-based vote; not a real participant response.
SYN038,Family-care priority,39,"Birthday gift for mum, $40, Amazon",birthday gift,DEPENDS,Synthetic rule-based vote; not a real participant response.
SYN039,Family-care priority,39,"Birthday gift for mum, $40, Amazon",birthday gift,DEPENDS,Synthetic rule-based vote; not a real participant response.
SYN040,Family-care priority,39,"Birthday gift for mum, $40, Amazon",birthday gift,DEPENDS,Synthetic rule-based vote; not a real participant response.
SYN041,Wellbeing-balanced,39,"Birthday gift for mum, $40, Amazon",birthday gift,DEPENDS,Synthetic rule-based vote; not a real participant response.
SYN042,Wellbeing-balanced,39,"Birthday gift for mum, $40, Amazon",birthday gift,DEPENDS,Synthetic rule-based vote; not a real participant response.
SYN043,Wellbeing-balanced,39,"Birthday gift for mum, $40, Amazon",birthday gift,DEPENDS,Synthetic rule-based vote; not a real participant response.
SYN044,Wellbeing-balanced,39,"Birthday gift for mum, $40, Amazon",birthday gift,DEPENDS,Synthetic rule-based vote; not a real participant response.
SYN045,Wellbeing-balanced,39,"Birthday gift for mum, $40, Amazon",birthday gift,DEPENDS,Synthetic rule-based vote; not a real participant response.
SYN046,Wellbeing-balanced,39,"Birthday gift for mum, $40, Amazon",birthday gift,DEPENDS,Synthetic rule-based vote; not a real participant response.
SYN047,Wellbeing-balanced,39,"Birthday gift for mum, $40, Amazon",birthday gift,DEPENDS,Synthetic rule-based vote; not a real participant response.
SYN048,Wellbeing-balanced,39,"Birthday gift for mum, $40, Amazon",birthday gift,DEPENDS,Synthetic rule-based vote; not a real participant response.
SYN049,Wellbeing-balanced,39,"Birthday gift for mum, $40, Amazon",birthday gift,DEPENDS,Synthetic rule-based vote; not a real participant response.
SYN050,Wellbeing-balanced,39,"Birthday gift for mum, $40, Amazon",birthday gift,DEPENDS,Synthetic rule-based vote; not a real participant response.
SYN001,Essentials-first,40,"Jollof and chicken, $18, Nigerian restaurant","missing home, eats out once a month",DEPENDS,Synthetic rule-based vote; not a real participant response.
SYN002,Essentials-first,40,"Jollof and chicken, $18, Nigerian restaurant","missing home, eats out once a month",DEPENDS,Synthetic rule-based vote; not a real participant response.
SYN003,Essentials-first,40,"Jollof and chicken, $18, Nigerian restaurant","missing home, eats out once a month",DEPENDS,Synthetic rule-based vote; not a real participant response.
SYN004,Essentials-first,40,"Jollof and chicken, $18, Nigerian restaurant","missing home, eats out once a month",DEPENDS,Synthetic rule-based vote; not a real participant response.
SYN005,Essentials-first,40,"Jollof and chicken, $18, Nigerian restaurant","missing home, eats out once a month",DEPENDS,Synthetic rule-based vote; not a real participant response.
SYN006,Essentials-first,40,"Jollof and chicken, $18, Nigerian restaurant","missing home, eats out once a month",DEPENDS,Synthetic rule-based vote; not a real participant response.
SYN007,Essentials-first,40,"Jollof and chicken, $18, Nigerian restaurant","missing home, eats out once a month",DEPENDS,Synthetic rule-based vote; not a real participant response.
SYN008,Essentials-first,40,"Jollof and chicken, $18, Nigerian restaurant","missing home, eats out once a month",DEPENDS,Synthetic rule-based vote; not a real participant response.
SYN009,Essentials-first,40,"Jollof and chicken, $18, Nigerian restaurant","missing home, eats out once a month",DEPENDS,Synthetic rule-based vote; not a real participant response.
SYN010,Essentials-first,40,"Jollof and chicken, $18, Nigerian restaurant","missing home, eats out once a month",DEPENDS,Synthetic rule-based vote; not a real participant response.
SYN011,Budget-guarding,40,"Jollof and chicken, $18, Nigerian restaurant","missing home, eats out once a month",WANT,Synthetic rule-based vote; not a real participant response.
SYN012,Budget-guarding,40,"Jollof and chicken, $18, Nigerian restaurant","missing home, eats out once a month",WANT,Synthetic rule-based vote; not a real participant response.
SYN013,Budget-guarding,40,"Jollof and chicken, $18, Nigerian restaurant","missing home, eats out once a month",WANT,Synthetic rule-based vote; not a real participant response.
SYN014,Budget-guarding,40,"Jollof and chicken, $18, Nigerian restaurant","missing home, eats out once a month",WANT,Synthetic rule-based vote; not a real participant response.
SYN015,Budget-guarding,40,"Jollof and chicken, $18, Nigerian restaurant","missing home, eats out once a month",WANT,Synthetic rule-based vote; not a real participant response.
SYN016,Budget-guarding,40,"Jollof and chicken, $18, Nigerian restaurant","missing home, eats out once a month",WANT,Synthetic rule-based vote; not a real participant response.
SYN017,Budget-guarding,40,"Jollof and chicken, $18, Nigerian restaurant","missing home, eats out once a month",WANT,Synthetic rule-based vote; not a real participant response.
SYN018,Budget-guarding,40,"Jollof and chicken, $18, Nigerian restaurant","missing home, eats out once a month",WANT,Synthetic rule-based vote; not a real participant response.
SYN019,Budget-guarding,40,"Jollof and chicken, $18, Nigerian restaurant","missing home, eats out once a month",WANT,Synthetic rule-based vote; not a real participant response.
SYN020,Budget-guarding,40,"Jollof and chicken, $18, Nigerian restaurant","missing home, eats out once a month",DEPENDS,Synthetic rule-based vote; not a real participant response.
SYN021,Context-first,40,"Jollof and chicken, $18, Nigerian restaurant","missing home, eats out once a month",WANT,Synthetic rule-based vote; not a real participant response.
SYN022,Context-first,40,"Jollof and chicken, $18, Nigerian restaurant","missing home, eats out once a month",DEPENDS,Synthetic rule-based vote; not a real participant response.
SYN023,Context-first,40,"Jollof and chicken, $18, Nigerian restaurant","missing home, eats out once a month",DEPENDS,Synthetic rule-based vote; not a real participant response.
SYN024,Context-first,40,"Jollof and chicken, $18, Nigerian restaurant","missing home, eats out once a month",DEPENDS,Synthetic rule-based vote; not a real participant response.
SYN025,Context-first,40,"Jollof and chicken, $18, Nigerian restaurant","missing home, eats out once a month",DEPENDS,Synthetic rule-based vote; not a real participant response.
SYN026,Context-first,40,"Jollof and chicken, $18, Nigerian restaurant","missing home, eats out once a month",DEPENDS,Synthetic rule-based vote; not a real participant response.
SYN027,Context-first,40,"Jollof and chicken, $18, Nigerian restaurant","missing home, eats out once a month",DEPENDS,Synthetic rule-based vote; not a real participant response.
SYN028,Context-first,40,"Jollof and chicken, $18, Nigerian restaurant","missing home, eats out once a month",DEPENDS,Synthetic rule-based vote; not a real participant response.
SYN029,Context-first,40,"Jollof and chicken, $18, Nigerian restaurant","missing home, eats out once a month",DEPENDS,Synthetic rule-based vote; not a real participant response.
SYN030,Context-first,40,"Jollof and chicken, $18, Nigerian restaurant","missing home, eats out once a month",DEPENDS,Synthetic rule-based vote; not a real participant response.
SYN031,Family-care priority,40,"Jollof and chicken, $18, Nigerian restaurant","missing home, eats out once a month",DEPENDS,Synthetic rule-based vote; not a real participant response.
SYN032,Family-care priority,40,"Jollof and chicken, $18, Nigerian restaurant","missing home, eats out once a month",DEPENDS,Synthetic rule-based vote; not a real participant response.
SYN033,Family-care priority,40,"Jollof and chicken, $18, Nigerian restaurant","missing home, eats out once a month",DEPENDS,Synthetic rule-based vote; not a real participant response.
SYN034,Family-care priority,40,"Jollof and chicken, $18, Nigerian restaurant","missing home, eats out once a month",DEPENDS,Synthetic rule-based vote; not a real participant response.
SYN035,Family-care priority,40,"Jollof and chicken, $18, Nigerian restaurant","missing home, eats out once a month",DEPENDS,Synthetic rule-based vote; not a real participant response.
SYN036,Family-care priority,40,"Jollof and chicken, $18, Nigerian restaurant","missing home, eats out once a month",DEPENDS,Synthetic rule-based vote; not a real participant response.
SYN037,Family-care priority,40,"Jollof and chicken, $18, Nigerian restaurant","missing home, eats out once a month",DEPENDS,Synthetic rule-based vote; not a real participant response.
SYN038,Family-care priority,40,"Jollof and chicken, $18, Nigerian restaurant","missing home, eats out once a month",DEPENDS,Synthetic rule-based vote; not a real participant response.
SYN039,Family-care priority,40,"Jollof and chicken, $18, Nigerian restaurant","missing home, eats out once a month",DEPENDS,Synthetic rule-based vote; not a real participant response.
SYN040,Family-care priority,40,"Jollof and chicken, $18, Nigerian restaurant","missing home, eats out once a month",DEPENDS,Synthetic rule-based vote; not a real participant response.
SYN041,Wellbeing-balanced,40,"Jollof and chicken, $18, Nigerian restaurant","missing home, eats out once a month",DEPENDS,Synthetic rule-based vote; not a real participant response.
SYN042,Wellbeing-balanced,40,"Jollof and chicken, $18, Nigerian restaurant","missing home, eats out once a month",DEPENDS,Synthetic rule-based vote; not a real participant response.
SYN043,Wellbeing-balanced,40,"Jollof and chicken, $18, Nigerian restaurant","missing home, eats out once a month",DEPENDS,Synthetic rule-based vote; not a real participant response.
SYN044,Wellbeing-balanced,40,"Jollof and chicken, $18, Nigerian restaurant","missing home, eats out once a month",DEPENDS,Synthetic rule-based vote; not a real participant response.
SYN045,Wellbeing-balanced,40,"Jollof and chicken, $18, Nigerian restaurant","missing home, eats out once a month",DEPENDS,Synthetic rule-based vote; not a real participant response.
SYN046,Wellbeing-balanced,40,"Jollof and chicken, $18, Nigerian restaurant","missing home, eats out once a month",DEPENDS,Synthetic rule-based vote; not a real participant response.
SYN047,Wellbeing-balanced,40,"Jollof and chicken, $18, Nigerian restaurant","missing home, eats out once a month",DEPENDS,Synthetic rule-based vote; not a real participant response.
SYN048,Wellbeing-balanced,40,"Jollof and chicken, $18, Nigerian restaurant","missing home, eats out once a month",DEPENDS,Synthetic rule-based vote; not a real participant response.
SYN049,Wellbeing-balanced,40,"Jollof and chicken, $18, Nigerian restaurant","missing home, eats out once a month",DEPENDS,Synthetic rule-based vote; not a real participant response.
SYN050,Wellbeing-balanced,40,"Jollof and chicken, $18, Nigerian restaurant","missing home, eats out once a month",DEPENDS,Synthetic rule-based vote; not a real participant response.
SYN001,Essentials-first,41,"Spotify, $11",monthly,WANT,Synthetic rule-based vote; not a real participant response.
SYN002,Essentials-first,41,"Spotify, $11",monthly,WANT,Synthetic rule-based vote; not a real participant response.
SYN003,Essentials-first,41,"Spotify, $11",monthly,WANT,Synthetic rule-based vote; not a real participant response.
SYN004,Essentials-first,41,"Spotify, $11",monthly,WANT,Synthetic rule-based vote; not a real participant response.
SYN005,Essentials-first,41,"Spotify, $11",monthly,WANT,Synthetic rule-based vote; not a real participant response.
SYN006,Essentials-first,41,"Spotify, $11",monthly,WANT,Synthetic rule-based vote; not a real participant response.
SYN007,Essentials-first,41,"Spotify, $11",monthly,WANT,Synthetic rule-based vote; not a real participant response.
SYN008,Essentials-first,41,"Spotify, $11",monthly,WANT,Synthetic rule-based vote; not a real participant response.
SYN009,Essentials-first,41,"Spotify, $11",monthly,WANT,Synthetic rule-based vote; not a real participant response.
SYN010,Essentials-first,41,"Spotify, $11",monthly,WANT,Synthetic rule-based vote; not a real participant response.
SYN011,Budget-guarding,41,"Spotify, $11",monthly,WANT,Synthetic rule-based vote; not a real participant response.
SYN012,Budget-guarding,41,"Spotify, $11",monthly,WANT,Synthetic rule-based vote; not a real participant response.
SYN013,Budget-guarding,41,"Spotify, $11",monthly,WANT,Synthetic rule-based vote; not a real participant response.
SYN014,Budget-guarding,41,"Spotify, $11",monthly,WANT,Synthetic rule-based vote; not a real participant response.
SYN015,Budget-guarding,41,"Spotify, $11",monthly,WANT,Synthetic rule-based vote; not a real participant response.
SYN016,Budget-guarding,41,"Spotify, $11",monthly,WANT,Synthetic rule-based vote; not a real participant response.
SYN017,Budget-guarding,41,"Spotify, $11",monthly,WANT,Synthetic rule-based vote; not a real participant response.
SYN018,Budget-guarding,41,"Spotify, $11",monthly,WANT,Synthetic rule-based vote; not a real participant response.
SYN019,Budget-guarding,41,"Spotify, $11",monthly,WANT,Synthetic rule-based vote; not a real participant response.
SYN020,Budget-guarding,41,"Spotify, $11",monthly,WANT,Synthetic rule-based vote; not a real participant response.
SYN021,Context-first,41,"Spotify, $11",monthly,DEPENDS,Synthetic rule-based vote; not a real participant response.
SYN022,Context-first,41,"Spotify, $11",monthly,DEPENDS,Synthetic rule-based vote; not a real participant response.
SYN023,Context-first,41,"Spotify, $11",monthly,DEPENDS,Synthetic rule-based vote; not a real participant response.
SYN024,Context-first,41,"Spotify, $11",monthly,DEPENDS,Synthetic rule-based vote; not a real participant response.
SYN025,Context-first,41,"Spotify, $11",monthly,DEPENDS,Synthetic rule-based vote; not a real participant response.
SYN026,Context-first,41,"Spotify, $11",monthly,DEPENDS,Synthetic rule-based vote; not a real participant response.
SYN027,Context-first,41,"Spotify, $11",monthly,DEPENDS,Synthetic rule-based vote; not a real participant response.
SYN028,Context-first,41,"Spotify, $11",monthly,WANT,Synthetic rule-based vote; not a real participant response.
SYN029,Context-first,41,"Spotify, $11",monthly,WANT,Synthetic rule-based vote; not a real participant response.
SYN030,Context-first,41,"Spotify, $11",monthly,WANT,Synthetic rule-based vote; not a real participant response.
SYN031,Family-care priority,41,"Spotify, $11",monthly,WANT,Synthetic rule-based vote; not a real participant response.
SYN032,Family-care priority,41,"Spotify, $11",monthly,WANT,Synthetic rule-based vote; not a real participant response.
SYN033,Family-care priority,41,"Spotify, $11",monthly,WANT,Synthetic rule-based vote; not a real participant response.
SYN034,Family-care priority,41,"Spotify, $11",monthly,WANT,Synthetic rule-based vote; not a real participant response.
SYN035,Family-care priority,41,"Spotify, $11",monthly,WANT,Synthetic rule-based vote; not a real participant response.
SYN036,Family-care priority,41,"Spotify, $11",monthly,WANT,Synthetic rule-based vote; not a real participant response.
SYN037,Family-care priority,41,"Spotify, $11",monthly,WANT,Synthetic rule-based vote; not a real participant response.
SYN038,Family-care priority,41,"Spotify, $11",monthly,WANT,Synthetic rule-based vote; not a real participant response.
SYN039,Family-care priority,41,"Spotify, $11",monthly,WANT,Synthetic rule-based vote; not a real participant response.
SYN040,Family-care priority,41,"Spotify, $11",monthly,WANT,Synthetic rule-based vote; not a real participant response.
SYN041,Wellbeing-balanced,41,"Spotify, $11",monthly,WANT,Synthetic rule-based vote; not a real participant response.
SYN042,Wellbeing-balanced,41,"Spotify, $11",monthly,WANT,Synthetic rule-based vote; not a real participant response.
SYN043,Wellbeing-balanced,41,"Spotify, $11",monthly,WANT,Synthetic rule-based vote; not a real participant response.
SYN044,Wellbeing-balanced,41,"Spotify, $11",monthly,WANT,Synthetic rule-based vote; not a real participant response.
SYN045,Wellbeing-balanced,41,"Spotify, $11",monthly,WANT,Synthetic rule-based vote; not a real participant response.
SYN046,Wellbeing-balanced,41,"Spotify, $11",monthly,WANT,Synthetic rule-based vote; not a real participant response.
SYN047,Wellbeing-balanced,41,"Spotify, $11",monthly,WANT,Synthetic rule-based vote; not a real participant response.
SYN048,Wellbeing-balanced,41,"Spotify, $11",monthly,WANT,Synthetic rule-based vote; not a real participant response.
SYN049,Wellbeing-balanced,41,"Spotify, $11",monthly,WANT,Synthetic rule-based vote; not a real participant response.
SYN050,Wellbeing-balanced,41,"Spotify, $11",monthly,WANT,Synthetic rule-based vote; not a real participant response.
SYN001,Essentials-first,42,"Haircut, $25, barber",every two weeks,DEPENDS,Synthetic rule-based vote; not a real participant response.
SYN002,Essentials-first,42,"Haircut, $25, barber",every two weeks,DEPENDS,Synthetic rule-based vote; not a real participant response.
SYN003,Essentials-first,42,"Haircut, $25, barber",every two weeks,DEPENDS,Synthetic rule-based vote; not a real participant response.
SYN004,Essentials-first,42,"Haircut, $25, barber",every two weeks,DEPENDS,Synthetic rule-based vote; not a real participant response.
SYN005,Essentials-first,42,"Haircut, $25, barber",every two weeks,DEPENDS,Synthetic rule-based vote; not a real participant response.
SYN006,Essentials-first,42,"Haircut, $25, barber",every two weeks,DEPENDS,Synthetic rule-based vote; not a real participant response.
SYN007,Essentials-first,42,"Haircut, $25, barber",every two weeks,DEPENDS,Synthetic rule-based vote; not a real participant response.
SYN008,Essentials-first,42,"Haircut, $25, barber",every two weeks,DEPENDS,Synthetic rule-based vote; not a real participant response.
SYN009,Essentials-first,42,"Haircut, $25, barber",every two weeks,DEPENDS,Synthetic rule-based vote; not a real participant response.
SYN010,Essentials-first,42,"Haircut, $25, barber",every two weeks,DEPENDS,Synthetic rule-based vote; not a real participant response.
SYN011,Budget-guarding,42,"Haircut, $25, barber",every two weeks,WANT,Synthetic rule-based vote; not a real participant response.
SYN012,Budget-guarding,42,"Haircut, $25, barber",every two weeks,WANT,Synthetic rule-based vote; not a real participant response.
SYN013,Budget-guarding,42,"Haircut, $25, barber",every two weeks,WANT,Synthetic rule-based vote; not a real participant response.
SYN014,Budget-guarding,42,"Haircut, $25, barber",every two weeks,WANT,Synthetic rule-based vote; not a real participant response.
SYN015,Budget-guarding,42,"Haircut, $25, barber",every two weeks,WANT,Synthetic rule-based vote; not a real participant response.
SYN016,Budget-guarding,42,"Haircut, $25, barber",every two weeks,WANT,Synthetic rule-based vote; not a real participant response.
SYN017,Budget-guarding,42,"Haircut, $25, barber",every two weeks,WANT,Synthetic rule-based vote; not a real participant response.
SYN018,Budget-guarding,42,"Haircut, $25, barber",every two weeks,WANT,Synthetic rule-based vote; not a real participant response.
SYN019,Budget-guarding,42,"Haircut, $25, barber",every two weeks,WANT,Synthetic rule-based vote; not a real participant response.
SYN020,Budget-guarding,42,"Haircut, $25, barber",every two weeks,WANT,Synthetic rule-based vote; not a real participant response.
SYN021,Context-first,42,"Haircut, $25, barber",every two weeks,DEPENDS,Synthetic rule-based vote; not a real participant response.
SYN022,Context-first,42,"Haircut, $25, barber",every two weeks,DEPENDS,Synthetic rule-based vote; not a real participant response.
SYN023,Context-first,42,"Haircut, $25, barber",every two weeks,DEPENDS,Synthetic rule-based vote; not a real participant response.
SYN024,Context-first,42,"Haircut, $25, barber",every two weeks,DEPENDS,Synthetic rule-based vote; not a real participant response.
SYN025,Context-first,42,"Haircut, $25, barber",every two weeks,DEPENDS,Synthetic rule-based vote; not a real participant response.
SYN026,Context-first,42,"Haircut, $25, barber",every two weeks,DEPENDS,Synthetic rule-based vote; not a real participant response.
SYN027,Context-first,42,"Haircut, $25, barber",every two weeks,DEPENDS,Synthetic rule-based vote; not a real participant response.
SYN028,Context-first,42,"Haircut, $25, barber",every two weeks,DEPENDS,Synthetic rule-based vote; not a real participant response.
SYN029,Context-first,42,"Haircut, $25, barber",every two weeks,DEPENDS,Synthetic rule-based vote; not a real participant response.
SYN030,Context-first,42,"Haircut, $25, barber",every two weeks,DEPENDS,Synthetic rule-based vote; not a real participant response.
SYN031,Family-care priority,42,"Haircut, $25, barber",every two weeks,DEPENDS,Synthetic rule-based vote; not a real participant response.
SYN032,Family-care priority,42,"Haircut, $25, barber",every two weeks,DEPENDS,Synthetic rule-based vote; not a real participant response.
SYN033,Family-care priority,42,"Haircut, $25, barber",every two weeks,DEPENDS,Synthetic rule-based vote; not a real participant response.
SYN034,Family-care priority,42,"Haircut, $25, barber",every two weeks,DEPENDS,Synthetic rule-based vote; not a real participant response.
SYN035,Family-care priority,42,"Haircut, $25, barber",every two weeks,DEPENDS,Synthetic rule-based vote; not a real participant response.
SYN036,Family-care priority,42,"Haircut, $25, barber",every two weeks,DEPENDS,Synthetic rule-based vote; not a real participant response.
SYN037,Family-care priority,42,"Haircut, $25, barber",every two weeks,DEPENDS,Synthetic rule-based vote; not a real participant response.
SYN038,Family-care priority,42,"Haircut, $25, barber",every two weeks,DEPENDS,Synthetic rule-based vote; not a real participant response.
SYN039,Family-care priority,42,"Haircut, $25, barber",every two weeks,DEPENDS,Synthetic rule-based vote; not a real participant response.
SYN040,Family-care priority,42,"Haircut, $25, barber",every two weeks,DEPENDS,Synthetic rule-based vote; not a real participant response.
SYN041,Wellbeing-balanced,42,"Haircut, $25, barber",every two weeks,DEPENDS,Synthetic rule-based vote; not a real participant response.
SYN042,Wellbeing-balanced,42,"Haircut, $25, barber",every two weeks,DEPENDS,Synthetic rule-based vote; not a real participant response.
SYN043,Wellbeing-balanced,42,"Haircut, $25, barber",every two weeks,DEPENDS,Synthetic rule-based vote; not a real participant response.
SYN044,Wellbeing-balanced,42,"Haircut, $25, barber",every two weeks,DEPENDS,Synthetic rule-based vote; not a real participant response.
SYN045,Wellbeing-balanced,42,"Haircut, $25, barber",every two weeks,DEPENDS,Synthetic rule-based vote; not a real participant response.
SYN046,Wellbeing-balanced,42,"Haircut, $25, barber",every two weeks,DEPENDS,Synthetic rule-based vote; not a real participant response.
SYN047,Wellbeing-balanced,42,"Haircut, $25, barber",every two weeks,DEPENDS,Synthetic rule-based vote; not a real participant response.
SYN048,Wellbeing-balanced,42,"Haircut, $25, barber",every two weeks,DEPENDS,Synthetic rule-based vote; not a real participant response.
SYN049,Wellbeing-balanced,42,"Haircut, $25, barber",every two weeks,DEPENDS,Synthetic rule-based vote; not a real participant response.
SYN050,Wellbeing-balanced,42,"Haircut, $25, barber",every two weeks,DEPENDS,Synthetic rule-based vote; not a real participant response.
SYN001,Essentials-first,43,"New laptop, $900, Best Buy","old one is 6 years old and slow, CS major",DEPENDS,Synthetic rule-based vote; not a real participant response.
SYN002,Essentials-first,43,"New laptop, $900, Best Buy","old one is 6 years old and slow, CS major",DEPENDS,Synthetic rule-based vote; not a real participant response.
SYN003,Essentials-first,43,"New laptop, $900, Best Buy","old one is 6 years old and slow, CS major",DEPENDS,Synthetic rule-based vote; not a real participant response.
SYN004,Essentials-first,43,"New laptop, $900, Best Buy","old one is 6 years old and slow, CS major",DEPENDS,Synthetic rule-based vote; not a real participant response.
SYN005,Essentials-first,43,"New laptop, $900, Best Buy","old one is 6 years old and slow, CS major",DEPENDS,Synthetic rule-based vote; not a real participant response.
SYN006,Essentials-first,43,"New laptop, $900, Best Buy","old one is 6 years old and slow, CS major",DEPENDS,Synthetic rule-based vote; not a real participant response.
SYN007,Essentials-first,43,"New laptop, $900, Best Buy","old one is 6 years old and slow, CS major",DEPENDS,Synthetic rule-based vote; not a real participant response.
SYN008,Essentials-first,43,"New laptop, $900, Best Buy","old one is 6 years old and slow, CS major",DEPENDS,Synthetic rule-based vote; not a real participant response.
SYN009,Essentials-first,43,"New laptop, $900, Best Buy","old one is 6 years old and slow, CS major",DEPENDS,Synthetic rule-based vote; not a real participant response.
SYN010,Essentials-first,43,"New laptop, $900, Best Buy","old one is 6 years old and slow, CS major",DEPENDS,Synthetic rule-based vote; not a real participant response.
SYN011,Budget-guarding,43,"New laptop, $900, Best Buy","old one is 6 years old and slow, CS major",DEPENDS,Synthetic rule-based vote; not a real participant response.
SYN012,Budget-guarding,43,"New laptop, $900, Best Buy","old one is 6 years old and slow, CS major",DEPENDS,Synthetic rule-based vote; not a real participant response.
SYN013,Budget-guarding,43,"New laptop, $900, Best Buy","old one is 6 years old and slow, CS major",DEPENDS,Synthetic rule-based vote; not a real participant response.
SYN014,Budget-guarding,43,"New laptop, $900, Best Buy","old one is 6 years old and slow, CS major",DEPENDS,Synthetic rule-based vote; not a real participant response.
SYN015,Budget-guarding,43,"New laptop, $900, Best Buy","old one is 6 years old and slow, CS major",DEPENDS,Synthetic rule-based vote; not a real participant response.
SYN016,Budget-guarding,43,"New laptop, $900, Best Buy","old one is 6 years old and slow, CS major",WANT,Synthetic rule-based vote; not a real participant response.
SYN017,Budget-guarding,43,"New laptop, $900, Best Buy","old one is 6 years old and slow, CS major",WANT,Synthetic rule-based vote; not a real participant response.
SYN018,Budget-guarding,43,"New laptop, $900, Best Buy","old one is 6 years old and slow, CS major",WANT,Synthetic rule-based vote; not a real participant response.
SYN019,Budget-guarding,43,"New laptop, $900, Best Buy","old one is 6 years old and slow, CS major",WANT,Synthetic rule-based vote; not a real participant response.
SYN020,Budget-guarding,43,"New laptop, $900, Best Buy","old one is 6 years old and slow, CS major",WANT,Synthetic rule-based vote; not a real participant response.
SYN021,Context-first,43,"New laptop, $900, Best Buy","old one is 6 years old and slow, CS major",DEPENDS,Synthetic rule-based vote; not a real participant response.
SYN022,Context-first,43,"New laptop, $900, Best Buy","old one is 6 years old and slow, CS major",DEPENDS,Synthetic rule-based vote; not a real participant response.
SYN023,Context-first,43,"New laptop, $900, Best Buy","old one is 6 years old and slow, CS major",DEPENDS,Synthetic rule-based vote; not a real participant response.
SYN024,Context-first,43,"New laptop, $900, Best Buy","old one is 6 years old and slow, CS major",DEPENDS,Synthetic rule-based vote; not a real participant response.
SYN025,Context-first,43,"New laptop, $900, Best Buy","old one is 6 years old and slow, CS major",DEPENDS,Synthetic rule-based vote; not a real participant response.
SYN026,Context-first,43,"New laptop, $900, Best Buy","old one is 6 years old and slow, CS major",DEPENDS,Synthetic rule-based vote; not a real participant response.
SYN027,Context-first,43,"New laptop, $900, Best Buy","old one is 6 years old and slow, CS major",DEPENDS,Synthetic rule-based vote; not a real participant response.
SYN028,Context-first,43,"New laptop, $900, Best Buy","old one is 6 years old and slow, CS major",DEPENDS,Synthetic rule-based vote; not a real participant response.
SYN029,Context-first,43,"New laptop, $900, Best Buy","old one is 6 years old and slow, CS major",DEPENDS,Synthetic rule-based vote; not a real participant response.
SYN030,Context-first,43,"New laptop, $900, Best Buy","old one is 6 years old and slow, CS major",DEPENDS,Synthetic rule-based vote; not a real participant response.
SYN031,Family-care priority,43,"New laptop, $900, Best Buy","old one is 6 years old and slow, CS major",DEPENDS,Synthetic rule-based vote; not a real participant response.
SYN032,Family-care priority,43,"New laptop, $900, Best Buy","old one is 6 years old and slow, CS major",DEPENDS,Synthetic rule-based vote; not a real participant response.
SYN033,Family-care priority,43,"New laptop, $900, Best Buy","old one is 6 years old and slow, CS major",DEPENDS,Synthetic rule-based vote; not a real participant response.
SYN034,Family-care priority,43,"New laptop, $900, Best Buy","old one is 6 years old and slow, CS major",DEPENDS,Synthetic rule-based vote; not a real participant response.
SYN035,Family-care priority,43,"New laptop, $900, Best Buy","old one is 6 years old and slow, CS major",DEPENDS,Synthetic rule-based vote; not a real participant response.
SYN036,Family-care priority,43,"New laptop, $900, Best Buy","old one is 6 years old and slow, CS major",DEPENDS,Synthetic rule-based vote; not a real participant response.
SYN037,Family-care priority,43,"New laptop, $900, Best Buy","old one is 6 years old and slow, CS major",DEPENDS,Synthetic rule-based vote; not a real participant response.
SYN038,Family-care priority,43,"New laptop, $900, Best Buy","old one is 6 years old and slow, CS major",DEPENDS,Synthetic rule-based vote; not a real participant response.
SYN039,Family-care priority,43,"New laptop, $900, Best Buy","old one is 6 years old and slow, CS major",NEED,Synthetic rule-based vote; not a real participant response.
SYN040,Family-care priority,43,"New laptop, $900, Best Buy","old one is 6 years old and slow, CS major",NEED,Synthetic rule-based vote; not a real participant response.
SYN041,Wellbeing-balanced,43,"New laptop, $900, Best Buy","old one is 6 years old and slow, CS major",DEPENDS,Synthetic rule-based vote; not a real participant response.
SYN042,Wellbeing-balanced,43,"New laptop, $900, Best Buy","old one is 6 years old and slow, CS major",DEPENDS,Synthetic rule-based vote; not a real participant response.
SYN043,Wellbeing-balanced,43,"New laptop, $900, Best Buy","old one is 6 years old and slow, CS major",DEPENDS,Synthetic rule-based vote; not a real participant response.
SYN044,Wellbeing-balanced,43,"New laptop, $900, Best Buy","old one is 6 years old and slow, CS major",DEPENDS,Synthetic rule-based vote; not a real participant response.
SYN045,Wellbeing-balanced,43,"New laptop, $900, Best Buy","old one is 6 years old and slow, CS major",DEPENDS,Synthetic rule-based vote; not a real participant response.
SYN046,Wellbeing-balanced,43,"New laptop, $900, Best Buy","old one is 6 years old and slow, CS major",DEPENDS,Synthetic rule-based vote; not a real participant response.
SYN047,Wellbeing-balanced,43,"New laptop, $900, Best Buy","old one is 6 years old and slow, CS major",DEPENDS,Synthetic rule-based vote; not a real participant response.
SYN048,Wellbeing-balanced,43,"New laptop, $900, Best Buy","old one is 6 years old and slow, CS major",DEPENDS,Synthetic rule-based vote; not a real participant response.
SYN049,Wellbeing-balanced,43,"New laptop, $900, Best Buy","old one is 6 years old and slow, CS major",NEED,Synthetic rule-based vote; not a real participant response.
SYN050,Wellbeing-balanced,43,"New laptop, $900, Best Buy","old one is 6 years old and slow, CS major",NEED,Synthetic rule-based vote; not a real participant response.
SYN001,Essentials-first,44,"Second monitor, $150, Best Buy",works from a 13 inch laptop,DEPENDS,Synthetic rule-based vote; not a real participant response.
SYN002,Essentials-first,44,"Second monitor, $150, Best Buy",works from a 13 inch laptop,DEPENDS,Synthetic rule-based vote; not a real participant response.
SYN003,Essentials-first,44,"Second monitor, $150, Best Buy",works from a 13 inch laptop,DEPENDS,Synthetic rule-based vote; not a real participant response.
SYN004,Essentials-first,44,"Second monitor, $150, Best Buy",works from a 13 inch laptop,DEPENDS,Synthetic rule-based vote; not a real participant response.
SYN005,Essentials-first,44,"Second monitor, $150, Best Buy",works from a 13 inch laptop,DEPENDS,Synthetic rule-based vote; not a real participant response.
SYN006,Essentials-first,44,"Second monitor, $150, Best Buy",works from a 13 inch laptop,DEPENDS,Synthetic rule-based vote; not a real participant response.
SYN007,Essentials-first,44,"Second monitor, $150, Best Buy",works from a 13 inch laptop,DEPENDS,Synthetic rule-based vote; not a real participant response.
SYN008,Essentials-first,44,"Second monitor, $150, Best Buy",works from a 13 inch laptop,DEPENDS,Synthetic rule-based vote; not a real participant response.
SYN009,Essentials-first,44,"Second monitor, $150, Best Buy",works from a 13 inch laptop,DEPENDS,Synthetic rule-based vote; not a real participant response.
SYN010,Essentials-first,44,"Second monitor, $150, Best Buy",works from a 13 inch laptop,DEPENDS,Synthetic rule-based vote; not a real participant response.
SYN011,Budget-guarding,44,"Second monitor, $150, Best Buy",works from a 13 inch laptop,DEPENDS,Synthetic rule-based vote; not a real participant response.
SYN012,Budget-guarding,44,"Second monitor, $150, Best Buy",works from a 13 inch laptop,DEPENDS,Synthetic rule-based vote; not a real participant response.
SYN013,Budget-guarding,44,"Second monitor, $150, Best Buy",works from a 13 inch laptop,DEPENDS,Synthetic rule-based vote; not a real participant response.
SYN014,Budget-guarding,44,"Second monitor, $150, Best Buy",works from a 13 inch laptop,DEPENDS,Synthetic rule-based vote; not a real participant response.
SYN015,Budget-guarding,44,"Second monitor, $150, Best Buy",works from a 13 inch laptop,DEPENDS,Synthetic rule-based vote; not a real participant response.
SYN016,Budget-guarding,44,"Second monitor, $150, Best Buy",works from a 13 inch laptop,WANT,Synthetic rule-based vote; not a real participant response.
SYN017,Budget-guarding,44,"Second monitor, $150, Best Buy",works from a 13 inch laptop,WANT,Synthetic rule-based vote; not a real participant response.
SYN018,Budget-guarding,44,"Second monitor, $150, Best Buy",works from a 13 inch laptop,WANT,Synthetic rule-based vote; not a real participant response.
SYN019,Budget-guarding,44,"Second monitor, $150, Best Buy",works from a 13 inch laptop,WANT,Synthetic rule-based vote; not a real participant response.
SYN020,Budget-guarding,44,"Second monitor, $150, Best Buy",works from a 13 inch laptop,WANT,Synthetic rule-based vote; not a real participant response.
SYN021,Context-first,44,"Second monitor, $150, Best Buy",works from a 13 inch laptop,DEPENDS,Synthetic rule-based vote; not a real participant response.
SYN022,Context-first,44,"Second monitor, $150, Best Buy",works from a 13 inch laptop,DEPENDS,Synthetic rule-based vote; not a real participant response.
SYN023,Context-first,44,"Second monitor, $150, Best Buy",works from a 13 inch laptop,DEPENDS,Synthetic rule-based vote; not a real participant response.
SYN024,Context-first,44,"Second monitor, $150, Best Buy",works from a 13 inch laptop,DEPENDS,Synthetic rule-based vote; not a real participant response.
SYN025,Context-first,44,"Second monitor, $150, Best Buy",works from a 13 inch laptop,DEPENDS,Synthetic rule-based vote; not a real participant response.
SYN026,Context-first,44,"Second monitor, $150, Best Buy",works from a 13 inch laptop,DEPENDS,Synthetic rule-based vote; not a real participant response.
SYN027,Context-first,44,"Second monitor, $150, Best Buy",works from a 13 inch laptop,DEPENDS,Synthetic rule-based vote; not a real participant response.
SYN028,Context-first,44,"Second monitor, $150, Best Buy",works from a 13 inch laptop,DEPENDS,Synthetic rule-based vote; not a real participant response.
SYN029,Context-first,44,"Second monitor, $150, Best Buy",works from a 13 inch laptop,DEPENDS,Synthetic rule-based vote; not a real participant response.
SYN030,Context-first,44,"Second monitor, $150, Best Buy",works from a 13 inch laptop,DEPENDS,Synthetic rule-based vote; not a real participant response.
SYN031,Family-care priority,44,"Second monitor, $150, Best Buy",works from a 13 inch laptop,DEPENDS,Synthetic rule-based vote; not a real participant response.
SYN032,Family-care priority,44,"Second monitor, $150, Best Buy",works from a 13 inch laptop,DEPENDS,Synthetic rule-based vote; not a real participant response.
SYN033,Family-care priority,44,"Second monitor, $150, Best Buy",works from a 13 inch laptop,DEPENDS,Synthetic rule-based vote; not a real participant response.
SYN034,Family-care priority,44,"Second monitor, $150, Best Buy",works from a 13 inch laptop,DEPENDS,Synthetic rule-based vote; not a real participant response.
SYN035,Family-care priority,44,"Second monitor, $150, Best Buy",works from a 13 inch laptop,DEPENDS,Synthetic rule-based vote; not a real participant response.
SYN036,Family-care priority,44,"Second monitor, $150, Best Buy",works from a 13 inch laptop,DEPENDS,Synthetic rule-based vote; not a real participant response.
SYN037,Family-care priority,44,"Second monitor, $150, Best Buy",works from a 13 inch laptop,DEPENDS,Synthetic rule-based vote; not a real participant response.
SYN038,Family-care priority,44,"Second monitor, $150, Best Buy",works from a 13 inch laptop,DEPENDS,Synthetic rule-based vote; not a real participant response.
SYN039,Family-care priority,44,"Second monitor, $150, Best Buy",works from a 13 inch laptop,DEPENDS,Synthetic rule-based vote; not a real participant response.
SYN040,Family-care priority,44,"Second monitor, $150, Best Buy",works from a 13 inch laptop,DEPENDS,Synthetic rule-based vote; not a real participant response.
SYN041,Wellbeing-balanced,44,"Second monitor, $150, Best Buy",works from a 13 inch laptop,DEPENDS,Synthetic rule-based vote; not a real participant response.
SYN042,Wellbeing-balanced,44,"Second monitor, $150, Best Buy",works from a 13 inch laptop,DEPENDS,Synthetic rule-based vote; not a real participant response.
SYN043,Wellbeing-balanced,44,"Second monitor, $150, Best Buy",works from a 13 inch laptop,DEPENDS,Synthetic rule-based vote; not a real participant response.
SYN044,Wellbeing-balanced,44,"Second monitor, $150, Best Buy",works from a 13 inch laptop,DEPENDS,Synthetic rule-based vote; not a real participant response.
SYN045,Wellbeing-balanced,44,"Second monitor, $150, Best Buy",works from a 13 inch laptop,DEPENDS,Synthetic rule-based vote; not a real participant response.
SYN046,Wellbeing-balanced,44,"Second monitor, $150, Best Buy",works from a 13 inch laptop,DEPENDS,Synthetic rule-based vote; not a real participant response.
SYN047,Wellbeing-balanced,44,"Second monitor, $150, Best Buy",works from a 13 inch laptop,DEPENDS,Synthetic rule-based vote; not a real participant response.
SYN048,Wellbeing-balanced,44,"Second monitor, $150, Best Buy",works from a 13 inch laptop,DEPENDS,Synthetic rule-based vote; not a real participant response.
SYN049,Wellbeing-balanced,44,"Second monitor, $150, Best Buy",works from a 13 inch laptop,DEPENDS,Synthetic rule-based vote; not a real participant response.
SYN050,Wellbeing-balanced,44,"Second monitor, $150, Best Buy",works from a 13 inch laptop,DEPENDS,Synthetic rule-based vote; not a real participant response.
SYN001,Essentials-first,45,"Flight home for December, $1,100, airline",first trip home in two years,DEPENDS,Synthetic rule-based vote; not a real participant response.
SYN002,Essentials-first,45,"Flight home for December, $1,100, airline",first trip home in two years,DEPENDS,Synthetic rule-based vote; not a real participant response.
SYN003,Essentials-first,45,"Flight home for December, $1,100, airline",first trip home in two years,DEPENDS,Synthetic rule-based vote; not a real participant response.
SYN004,Essentials-first,45,"Flight home for December, $1,100, airline",first trip home in two years,DEPENDS,Synthetic rule-based vote; not a real participant response.
SYN005,Essentials-first,45,"Flight home for December, $1,100, airline",first trip home in two years,DEPENDS,Synthetic rule-based vote; not a real participant response.
SYN006,Essentials-first,45,"Flight home for December, $1,100, airline",first trip home in two years,DEPENDS,Synthetic rule-based vote; not a real participant response.
SYN007,Essentials-first,45,"Flight home for December, $1,100, airline",first trip home in two years,DEPENDS,Synthetic rule-based vote; not a real participant response.
SYN008,Essentials-first,45,"Flight home for December, $1,100, airline",first trip home in two years,DEPENDS,Synthetic rule-based vote; not a real participant response.
SYN009,Essentials-first,45,"Flight home for December, $1,100, airline",first trip home in two years,DEPENDS,Synthetic rule-based vote; not a real participant response.
SYN010,Essentials-first,45,"Flight home for December, $1,100, airline",first trip home in two years,DEPENDS,Synthetic rule-based vote; not a real participant response.
SYN011,Budget-guarding,45,"Flight home for December, $1,100, airline",first trip home in two years,DEPENDS,Synthetic rule-based vote; not a real participant response.
SYN012,Budget-guarding,45,"Flight home for December, $1,100, airline",first trip home in two years,DEPENDS,Synthetic rule-based vote; not a real participant response.
SYN013,Budget-guarding,45,"Flight home for December, $1,100, airline",first trip home in two years,DEPENDS,Synthetic rule-based vote; not a real participant response.
SYN014,Budget-guarding,45,"Flight home for December, $1,100, airline",first trip home in two years,DEPENDS,Synthetic rule-based vote; not a real participant response.
SYN015,Budget-guarding,45,"Flight home for December, $1,100, airline",first trip home in two years,DEPENDS,Synthetic rule-based vote; not a real participant response.
SYN016,Budget-guarding,45,"Flight home for December, $1,100, airline",first trip home in two years,WANT,Synthetic rule-based vote; not a real participant response.
SYN017,Budget-guarding,45,"Flight home for December, $1,100, airline",first trip home in two years,WANT,Synthetic rule-based vote; not a real participant response.
SYN018,Budget-guarding,45,"Flight home for December, $1,100, airline",first trip home in two years,WANT,Synthetic rule-based vote; not a real participant response.
SYN019,Budget-guarding,45,"Flight home for December, $1,100, airline",first trip home in two years,WANT,Synthetic rule-based vote; not a real participant response.
SYN020,Budget-guarding,45,"Flight home for December, $1,100, airline",first trip home in two years,WANT,Synthetic rule-based vote; not a real participant response.
SYN021,Context-first,45,"Flight home for December, $1,100, airline",first trip home in two years,DEPENDS,Synthetic rule-based vote; not a real participant response.
SYN022,Context-first,45,"Flight home for December, $1,100, airline",first trip home in two years,DEPENDS,Synthetic rule-based vote; not a real participant response.
SYN023,Context-first,45,"Flight home for December, $1,100, airline",first trip home in two years,DEPENDS,Synthetic rule-based vote; not a real participant response.
SYN024,Context-first,45,"Flight home for December, $1,100, airline",first trip home in two years,DEPENDS,Synthetic rule-based vote; not a real participant response.
SYN025,Context-first,45,"Flight home for December, $1,100, airline",first trip home in two years,DEPENDS,Synthetic rule-based vote; not a real participant response.
SYN026,Context-first,45,"Flight home for December, $1,100, airline",first trip home in two years,DEPENDS,Synthetic rule-based vote; not a real participant response.
SYN027,Context-first,45,"Flight home for December, $1,100, airline",first trip home in two years,DEPENDS,Synthetic rule-based vote; not a real participant response.
SYN028,Context-first,45,"Flight home for December, $1,100, airline",first trip home in two years,DEPENDS,Synthetic rule-based vote; not a real participant response.
SYN029,Context-first,45,"Flight home for December, $1,100, airline",first trip home in two years,DEPENDS,Synthetic rule-based vote; not a real participant response.
SYN030,Context-first,45,"Flight home for December, $1,100, airline",first trip home in two years,DEPENDS,Synthetic rule-based vote; not a real participant response.
SYN031,Family-care priority,45,"Flight home for December, $1,100, airline",first trip home in two years,DEPENDS,Synthetic rule-based vote; not a real participant response.
SYN032,Family-care priority,45,"Flight home for December, $1,100, airline",first trip home in two years,DEPENDS,Synthetic rule-based vote; not a real participant response.
SYN033,Family-care priority,45,"Flight home for December, $1,100, airline",first trip home in two years,DEPENDS,Synthetic rule-based vote; not a real participant response.
SYN034,Family-care priority,45,"Flight home for December, $1,100, airline",first trip home in two years,DEPENDS,Synthetic rule-based vote; not a real participant response.
SYN035,Family-care priority,45,"Flight home for December, $1,100, airline",first trip home in two years,DEPENDS,Synthetic rule-based vote; not a real participant response.
SYN036,Family-care priority,45,"Flight home for December, $1,100, airline",first trip home in two years,DEPENDS,Synthetic rule-based vote; not a real participant response.
SYN037,Family-care priority,45,"Flight home for December, $1,100, airline",first trip home in two years,DEPENDS,Synthetic rule-based vote; not a real participant response.
SYN038,Family-care priority,45,"Flight home for December, $1,100, airline",first trip home in two years,DEPENDS,Synthetic rule-based vote; not a real participant response.
SYN039,Family-care priority,45,"Flight home for December, $1,100, airline",first trip home in two years,DEPENDS,Synthetic rule-based vote; not a real participant response.
SYN040,Family-care priority,45,"Flight home for December, $1,100, airline",first trip home in two years,DEPENDS,Synthetic rule-based vote; not a real participant response.
SYN041,Wellbeing-balanced,45,"Flight home for December, $1,100, airline",first trip home in two years,DEPENDS,Synthetic rule-based vote; not a real participant response.
SYN042,Wellbeing-balanced,45,"Flight home for December, $1,100, airline",first trip home in two years,DEPENDS,Synthetic rule-based vote; not a real participant response.
SYN043,Wellbeing-balanced,45,"Flight home for December, $1,100, airline",first trip home in two years,DEPENDS,Synthetic rule-based vote; not a real participant response.
SYN044,Wellbeing-balanced,45,"Flight home for December, $1,100, airline",first trip home in two years,DEPENDS,Synthetic rule-based vote; not a real participant response.
SYN045,Wellbeing-balanced,45,"Flight home for December, $1,100, airline",first trip home in two years,DEPENDS,Synthetic rule-based vote; not a real participant response.
SYN046,Wellbeing-balanced,45,"Flight home for December, $1,100, airline",first trip home in two years,DEPENDS,Synthetic rule-based vote; not a real participant response.
SYN047,Wellbeing-balanced,45,"Flight home for December, $1,100, airline",first trip home in two years,DEPENDS,Synthetic rule-based vote; not a real participant response.
SYN048,Wellbeing-balanced,45,"Flight home for December, $1,100, airline",first trip home in two years,DEPENDS,Synthetic rule-based vote; not a real participant response.
SYN049,Wellbeing-balanced,45,"Flight home for December, $1,100, airline",first trip home in two years,DEPENDS,Synthetic rule-based vote; not a real participant response.
SYN050,Wellbeing-balanced,45,"Flight home for December, $1,100, airline",first trip home in two years,DEPENDS,Synthetic rule-based vote; not a real participant response.
SYN001,Essentials-first,46,"Church offering, $20",weekly,DEPENDS,Synthetic rule-based vote; not a real participant response.
SYN002,Essentials-first,46,"Church offering, $20",weekly,DEPENDS,Synthetic rule-based vote; not a real participant response.
SYN003,Essentials-first,46,"Church offering, $20",weekly,DEPENDS,Synthetic rule-based vote; not a real participant response.
SYN004,Essentials-first,46,"Church offering, $20",weekly,DEPENDS,Synthetic rule-based vote; not a real participant response.
SYN005,Essentials-first,46,"Church offering, $20",weekly,DEPENDS,Synthetic rule-based vote; not a real participant response.
SYN006,Essentials-first,46,"Church offering, $20",weekly,DEPENDS,Synthetic rule-based vote; not a real participant response.
SYN007,Essentials-first,46,"Church offering, $20",weekly,DEPENDS,Synthetic rule-based vote; not a real participant response.
SYN008,Essentials-first,46,"Church offering, $20",weekly,DEPENDS,Synthetic rule-based vote; not a real participant response.
SYN009,Essentials-first,46,"Church offering, $20",weekly,DEPENDS,Synthetic rule-based vote; not a real participant response.
SYN010,Essentials-first,46,"Church offering, $20",weekly,DEPENDS,Synthetic rule-based vote; not a real participant response.
SYN011,Budget-guarding,46,"Church offering, $20",weekly,DEPENDS,Synthetic rule-based vote; not a real participant response.
SYN012,Budget-guarding,46,"Church offering, $20",weekly,DEPENDS,Synthetic rule-based vote; not a real participant response.
SYN013,Budget-guarding,46,"Church offering, $20",weekly,DEPENDS,Synthetic rule-based vote; not a real participant response.
SYN014,Budget-guarding,46,"Church offering, $20",weekly,DEPENDS,Synthetic rule-based vote; not a real participant response.
SYN015,Budget-guarding,46,"Church offering, $20",weekly,WANT,Synthetic rule-based vote; not a real participant response.
SYN016,Budget-guarding,46,"Church offering, $20",weekly,WANT,Synthetic rule-based vote; not a real participant response.
SYN017,Budget-guarding,46,"Church offering, $20",weekly,WANT,Synthetic rule-based vote; not a real participant response.
SYN018,Budget-guarding,46,"Church offering, $20",weekly,WANT,Synthetic rule-based vote; not a real participant response.
SYN019,Budget-guarding,46,"Church offering, $20",weekly,WANT,Synthetic rule-based vote; not a real participant response.
SYN020,Budget-guarding,46,"Church offering, $20",weekly,WANT,Synthetic rule-based vote; not a real participant response.
SYN021,Context-first,46,"Church offering, $20",weekly,DEPENDS,Synthetic rule-based vote; not a real participant response.
SYN022,Context-first,46,"Church offering, $20",weekly,DEPENDS,Synthetic rule-based vote; not a real participant response.
SYN023,Context-first,46,"Church offering, $20",weekly,DEPENDS,Synthetic rule-based vote; not a real participant response.
SYN024,Context-first,46,"Church offering, $20",weekly,DEPENDS,Synthetic rule-based vote; not a real participant response.
SYN025,Context-first,46,"Church offering, $20",weekly,DEPENDS,Synthetic rule-based vote; not a real participant response.
SYN026,Context-first,46,"Church offering, $20",weekly,DEPENDS,Synthetic rule-based vote; not a real participant response.
SYN027,Context-first,46,"Church offering, $20",weekly,DEPENDS,Synthetic rule-based vote; not a real participant response.
SYN028,Context-first,46,"Church offering, $20",weekly,DEPENDS,Synthetic rule-based vote; not a real participant response.
SYN029,Context-first,46,"Church offering, $20",weekly,DEPENDS,Synthetic rule-based vote; not a real participant response.
SYN030,Context-first,46,"Church offering, $20",weekly,DEPENDS,Synthetic rule-based vote; not a real participant response.
SYN031,Family-care priority,46,"Church offering, $20",weekly,DEPENDS,Synthetic rule-based vote; not a real participant response.
SYN032,Family-care priority,46,"Church offering, $20",weekly,DEPENDS,Synthetic rule-based vote; not a real participant response.
SYN033,Family-care priority,46,"Church offering, $20",weekly,DEPENDS,Synthetic rule-based vote; not a real participant response.
SYN034,Family-care priority,46,"Church offering, $20",weekly,DEPENDS,Synthetic rule-based vote; not a real participant response.
SYN035,Family-care priority,46,"Church offering, $20",weekly,DEPENDS,Synthetic rule-based vote; not a real participant response.
SYN036,Family-care priority,46,"Church offering, $20",weekly,DEPENDS,Synthetic rule-based vote; not a real participant response.
SYN037,Family-care priority,46,"Church offering, $20",weekly,DEPENDS,Synthetic rule-based vote; not a real participant response.
SYN038,Family-care priority,46,"Church offering, $20",weekly,DEPENDS,Synthetic rule-based vote; not a real participant response.
SYN039,Family-care priority,46,"Church offering, $20",weekly,DEPENDS,Synthetic rule-based vote; not a real participant response.
SYN040,Family-care priority,46,"Church offering, $20",weekly,DEPENDS,Synthetic rule-based vote; not a real participant response.
SYN041,Wellbeing-balanced,46,"Church offering, $20",weekly,DEPENDS,Synthetic rule-based vote; not a real participant response.
SYN042,Wellbeing-balanced,46,"Church offering, $20",weekly,DEPENDS,Synthetic rule-based vote; not a real participant response.
SYN043,Wellbeing-balanced,46,"Church offering, $20",weekly,DEPENDS,Synthetic rule-based vote; not a real participant response.
SYN044,Wellbeing-balanced,46,"Church offering, $20",weekly,DEPENDS,Synthetic rule-based vote; not a real participant response.
SYN045,Wellbeing-balanced,46,"Church offering, $20",weekly,DEPENDS,Synthetic rule-based vote; not a real participant response.
SYN046,Wellbeing-balanced,46,"Church offering, $20",weekly,DEPENDS,Synthetic rule-based vote; not a real participant response.
SYN047,Wellbeing-balanced,46,"Church offering, $20",weekly,DEPENDS,Synthetic rule-based vote; not a real participant response.
SYN048,Wellbeing-balanced,46,"Church offering, $20",weekly,DEPENDS,Synthetic rule-based vote; not a real participant response.
SYN049,Wellbeing-balanced,46,"Church offering, $20",weekly,DEPENDS,Synthetic rule-based vote; not a real participant response.
SYN050,Wellbeing-balanced,46,"Church offering, $20",weekly,DEPENDS,Synthetic rule-based vote; not a real participant response.
SYN001,Essentials-first,47,"Toilet paper and a $40 video game on one receipt, $52, Walmart",mixed need and optional purchase in one basket,DEPENDS,Synthetic rule-based vote; not a real participant response.
SYN002,Essentials-first,47,"Toilet paper and a $40 video game on one receipt, $52, Walmart",mixed need and optional purchase in one basket,DEPENDS,Synthetic rule-based vote; not a real participant response.
SYN003,Essentials-first,47,"Toilet paper and a $40 video game on one receipt, $52, Walmart",mixed need and optional purchase in one basket,DEPENDS,Synthetic rule-based vote; not a real participant response.
SYN004,Essentials-first,47,"Toilet paper and a $40 video game on one receipt, $52, Walmart",mixed need and optional purchase in one basket,DEPENDS,Synthetic rule-based vote; not a real participant response.
SYN005,Essentials-first,47,"Toilet paper and a $40 video game on one receipt, $52, Walmart",mixed need and optional purchase in one basket,DEPENDS,Synthetic rule-based vote; not a real participant response.
SYN006,Essentials-first,47,"Toilet paper and a $40 video game on one receipt, $52, Walmart",mixed need and optional purchase in one basket,DEPENDS,Synthetic rule-based vote; not a real participant response.
SYN007,Essentials-first,47,"Toilet paper and a $40 video game on one receipt, $52, Walmart",mixed need and optional purchase in one basket,DEPENDS,Synthetic rule-based vote; not a real participant response.
SYN008,Essentials-first,47,"Toilet paper and a $40 video game on one receipt, $52, Walmart",mixed need and optional purchase in one basket,DEPENDS,Synthetic rule-based vote; not a real participant response.
SYN009,Essentials-first,47,"Toilet paper and a $40 video game on one receipt, $52, Walmart",mixed need and optional purchase in one basket,DEPENDS,Synthetic rule-based vote; not a real participant response.
SYN010,Essentials-first,47,"Toilet paper and a $40 video game on one receipt, $52, Walmart",mixed need and optional purchase in one basket,DEPENDS,Synthetic rule-based vote; not a real participant response.
SYN011,Budget-guarding,47,"Toilet paper and a $40 video game on one receipt, $52, Walmart",mixed need and optional purchase in one basket,DEPENDS,Synthetic rule-based vote; not a real participant response.
SYN012,Budget-guarding,47,"Toilet paper and a $40 video game on one receipt, $52, Walmart",mixed need and optional purchase in one basket,DEPENDS,Synthetic rule-based vote; not a real participant response.
SYN013,Budget-guarding,47,"Toilet paper and a $40 video game on one receipt, $52, Walmart",mixed need and optional purchase in one basket,DEPENDS,Synthetic rule-based vote; not a real participant response.
SYN014,Budget-guarding,47,"Toilet paper and a $40 video game on one receipt, $52, Walmart",mixed need and optional purchase in one basket,DEPENDS,Synthetic rule-based vote; not a real participant response.
SYN015,Budget-guarding,47,"Toilet paper and a $40 video game on one receipt, $52, Walmart",mixed need and optional purchase in one basket,DEPENDS,Synthetic rule-based vote; not a real participant response.
SYN016,Budget-guarding,47,"Toilet paper and a $40 video game on one receipt, $52, Walmart",mixed need and optional purchase in one basket,DEPENDS,Synthetic rule-based vote; not a real participant response.
SYN017,Budget-guarding,47,"Toilet paper and a $40 video game on one receipt, $52, Walmart",mixed need and optional purchase in one basket,DEPENDS,Synthetic rule-based vote; not a real participant response.
SYN018,Budget-guarding,47,"Toilet paper and a $40 video game on one receipt, $52, Walmart",mixed need and optional purchase in one basket,DEPENDS,Synthetic rule-based vote; not a real participant response.
SYN019,Budget-guarding,47,"Toilet paper and a $40 video game on one receipt, $52, Walmart",mixed need and optional purchase in one basket,DEPENDS,Synthetic rule-based vote; not a real participant response.
SYN020,Budget-guarding,47,"Toilet paper and a $40 video game on one receipt, $52, Walmart",mixed need and optional purchase in one basket,DEPENDS,Synthetic rule-based vote; not a real participant response.
SYN021,Context-first,47,"Toilet paper and a $40 video game on one receipt, $52, Walmart",mixed need and optional purchase in one basket,DEPENDS,Synthetic rule-based vote; not a real participant response.
SYN022,Context-first,47,"Toilet paper and a $40 video game on one receipt, $52, Walmart",mixed need and optional purchase in one basket,DEPENDS,Synthetic rule-based vote; not a real participant response.
SYN023,Context-first,47,"Toilet paper and a $40 video game on one receipt, $52, Walmart",mixed need and optional purchase in one basket,DEPENDS,Synthetic rule-based vote; not a real participant response.
SYN024,Context-first,47,"Toilet paper and a $40 video game on one receipt, $52, Walmart",mixed need and optional purchase in one basket,DEPENDS,Synthetic rule-based vote; not a real participant response.
SYN025,Context-first,47,"Toilet paper and a $40 video game on one receipt, $52, Walmart",mixed need and optional purchase in one basket,DEPENDS,Synthetic rule-based vote; not a real participant response.
SYN026,Context-first,47,"Toilet paper and a $40 video game on one receipt, $52, Walmart",mixed need and optional purchase in one basket,DEPENDS,Synthetic rule-based vote; not a real participant response.
SYN027,Context-first,47,"Toilet paper and a $40 video game on one receipt, $52, Walmart",mixed need and optional purchase in one basket,DEPENDS,Synthetic rule-based vote; not a real participant response.
SYN028,Context-first,47,"Toilet paper and a $40 video game on one receipt, $52, Walmart",mixed need and optional purchase in one basket,DEPENDS,Synthetic rule-based vote; not a real participant response.
SYN029,Context-first,47,"Toilet paper and a $40 video game on one receipt, $52, Walmart",mixed need and optional purchase in one basket,DEPENDS,Synthetic rule-based vote; not a real participant response.
SYN030,Context-first,47,"Toilet paper and a $40 video game on one receipt, $52, Walmart",mixed need and optional purchase in one basket,DEPENDS,Synthetic rule-based vote; not a real participant response.
SYN031,Family-care priority,47,"Toilet paper and a $40 video game on one receipt, $52, Walmart",mixed need and optional purchase in one basket,DEPENDS,Synthetic rule-based vote; not a real participant response.
SYN032,Family-care priority,47,"Toilet paper and a $40 video game on one receipt, $52, Walmart",mixed need and optional purchase in one basket,DEPENDS,Synthetic rule-based vote; not a real participant response.
SYN033,Family-care priority,47,"Toilet paper and a $40 video game on one receipt, $52, Walmart",mixed need and optional purchase in one basket,DEPENDS,Synthetic rule-based vote; not a real participant response.
SYN034,Family-care priority,47,"Toilet paper and a $40 video game on one receipt, $52, Walmart",mixed need and optional purchase in one basket,DEPENDS,Synthetic rule-based vote; not a real participant response.
SYN035,Family-care priority,47,"Toilet paper and a $40 video game on one receipt, $52, Walmart",mixed need and optional purchase in one basket,DEPENDS,Synthetic rule-based vote; not a real participant response.
SYN036,Family-care priority,47,"Toilet paper and a $40 video game on one receipt, $52, Walmart",mixed need and optional purchase in one basket,DEPENDS,Synthetic rule-based vote; not a real participant response.
SYN037,Family-care priority,47,"Toilet paper and a $40 video game on one receipt, $52, Walmart",mixed need and optional purchase in one basket,DEPENDS,Synthetic rule-based vote; not a real participant response.
SYN038,Family-care priority,47,"Toilet paper and a $40 video game on one receipt, $52, Walmart",mixed need and optional purchase in one basket,DEPENDS,Synthetic rule-based vote; not a real participant response.
SYN039,Family-care priority,47,"Toilet paper and a $40 video game on one receipt, $52, Walmart",mixed need and optional purchase in one basket,DEPENDS,Synthetic rule-based vote; not a real participant response.
SYN040,Family-care priority,47,"Toilet paper and a $40 video game on one receipt, $52, Walmart",mixed need and optional purchase in one basket,DEPENDS,Synthetic rule-based vote; not a real participant response.
SYN041,Wellbeing-balanced,47,"Toilet paper and a $40 video game on one receipt, $52, Walmart",mixed need and optional purchase in one basket,DEPENDS,Synthetic rule-based vote; not a real participant response.
SYN042,Wellbeing-balanced,47,"Toilet paper and a $40 video game on one receipt, $52, Walmart",mixed need and optional purchase in one basket,DEPENDS,Synthetic rule-based vote; not a real participant response.
SYN043,Wellbeing-balanced,47,"Toilet paper and a $40 video game on one receipt, $52, Walmart",mixed need and optional purchase in one basket,DEPENDS,Synthetic rule-based vote; not a real participant response.
SYN044,Wellbeing-balanced,47,"Toilet paper and a $40 video game on one receipt, $52, Walmart",mixed need and optional purchase in one basket,DEPENDS,Synthetic rule-based vote; not a real participant response.
SYN045,Wellbeing-balanced,47,"Toilet paper and a $40 video game on one receipt, $52, Walmart",mixed need and optional purchase in one basket,DEPENDS,Synthetic rule-based vote; not a real participant response.
SYN046,Wellbeing-balanced,47,"Toilet paper and a $40 video game on one receipt, $52, Walmart",mixed need and optional purchase in one basket,DEPENDS,Synthetic rule-based vote; not a real participant response.
SYN047,Wellbeing-balanced,47,"Toilet paper and a $40 video game on one receipt, $52, Walmart",mixed need and optional purchase in one basket,DEPENDS,Synthetic rule-based vote; not a real participant response.
SYN048,Wellbeing-balanced,47,"Toilet paper and a $40 video game on one receipt, $52, Walmart",mixed need and optional purchase in one basket,DEPENDS,Synthetic rule-based vote; not a real participant response.
SYN049,Wellbeing-balanced,47,"Toilet paper and a $40 video game on one receipt, $52, Walmart",mixed need and optional purchase in one basket,DEPENDS,Synthetic rule-based vote; not a real participant response.
SYN050,Wellbeing-balanced,47,"Toilet paper and a $40 video game on one receipt, $52, Walmart",mixed need and optional purchase in one basket,DEPENDS,Synthetic rule-based vote; not a real participant response.
SYN001,Essentials-first,48,"Required textbook and LED lights in one order, $114, Amazon",mixed required and optional items in one order,DEPENDS,Synthetic rule-based vote; not a real participant response.
SYN002,Essentials-first,48,"Required textbook and LED lights in one order, $114, Amazon",mixed required and optional items in one order,DEPENDS,Synthetic rule-based vote; not a real participant response.
SYN003,Essentials-first,48,"Required textbook and LED lights in one order, $114, Amazon",mixed required and optional items in one order,DEPENDS,Synthetic rule-based vote; not a real participant response.
SYN004,Essentials-first,48,"Required textbook and LED lights in one order, $114, Amazon",mixed required and optional items in one order,DEPENDS,Synthetic rule-based vote; not a real participant response.
SYN005,Essentials-first,48,"Required textbook and LED lights in one order, $114, Amazon",mixed required and optional items in one order,DEPENDS,Synthetic rule-based vote; not a real participant response.
SYN006,Essentials-first,48,"Required textbook and LED lights in one order, $114, Amazon",mixed required and optional items in one order,DEPENDS,Synthetic rule-based vote; not a real participant response.
SYN007,Essentials-first,48,"Required textbook and LED lights in one order, $114, Amazon",mixed required and optional items in one order,DEPENDS,Synthetic rule-based vote; not a real participant response.
SYN008,Essentials-first,48,"Required textbook and LED lights in one order, $114, Amazon",mixed required and optional items in one order,DEPENDS,Synthetic rule-based vote; not a real participant response.
SYN009,Essentials-first,48,"Required textbook and LED lights in one order, $114, Amazon",mixed required and optional items in one order,DEPENDS,Synthetic rule-based vote; not a real participant response.
SYN010,Essentials-first,48,"Required textbook and LED lights in one order, $114, Amazon",mixed required and optional items in one order,DEPENDS,Synthetic rule-based vote; not a real participant response.
SYN011,Budget-guarding,48,"Required textbook and LED lights in one order, $114, Amazon",mixed required and optional items in one order,DEPENDS,Synthetic rule-based vote; not a real participant response.
SYN012,Budget-guarding,48,"Required textbook and LED lights in one order, $114, Amazon",mixed required and optional items in one order,DEPENDS,Synthetic rule-based vote; not a real participant response.
SYN013,Budget-guarding,48,"Required textbook and LED lights in one order, $114, Amazon",mixed required and optional items in one order,DEPENDS,Synthetic rule-based vote; not a real participant response.
SYN014,Budget-guarding,48,"Required textbook and LED lights in one order, $114, Amazon",mixed required and optional items in one order,DEPENDS,Synthetic rule-based vote; not a real participant response.
SYN015,Budget-guarding,48,"Required textbook and LED lights in one order, $114, Amazon",mixed required and optional items in one order,DEPENDS,Synthetic rule-based vote; not a real participant response.
SYN016,Budget-guarding,48,"Required textbook and LED lights in one order, $114, Amazon",mixed required and optional items in one order,DEPENDS,Synthetic rule-based vote; not a real participant response.
SYN017,Budget-guarding,48,"Required textbook and LED lights in one order, $114, Amazon",mixed required and optional items in one order,DEPENDS,Synthetic rule-based vote; not a real participant response.
SYN018,Budget-guarding,48,"Required textbook and LED lights in one order, $114, Amazon",mixed required and optional items in one order,DEPENDS,Synthetic rule-based vote; not a real participant response.
SYN019,Budget-guarding,48,"Required textbook and LED lights in one order, $114, Amazon",mixed required and optional items in one order,DEPENDS,Synthetic rule-based vote; not a real participant response.
SYN020,Budget-guarding,48,"Required textbook and LED lights in one order, $114, Amazon",mixed required and optional items in one order,DEPENDS,Synthetic rule-based vote; not a real participant response.
SYN021,Context-first,48,"Required textbook and LED lights in one order, $114, Amazon",mixed required and optional items in one order,DEPENDS,Synthetic rule-based vote; not a real participant response.
SYN022,Context-first,48,"Required textbook and LED lights in one order, $114, Amazon",mixed required and optional items in one order,DEPENDS,Synthetic rule-based vote; not a real participant response.
SYN023,Context-first,48,"Required textbook and LED lights in one order, $114, Amazon",mixed required and optional items in one order,DEPENDS,Synthetic rule-based vote; not a real participant response.
SYN024,Context-first,48,"Required textbook and LED lights in one order, $114, Amazon",mixed required and optional items in one order,DEPENDS,Synthetic rule-based vote; not a real participant response.
SYN025,Context-first,48,"Required textbook and LED lights in one order, $114, Amazon",mixed required and optional items in one order,DEPENDS,Synthetic rule-based vote; not a real participant response.
SYN026,Context-first,48,"Required textbook and LED lights in one order, $114, Amazon",mixed required and optional items in one order,DEPENDS,Synthetic rule-based vote; not a real participant response.
SYN027,Context-first,48,"Required textbook and LED lights in one order, $114, Amazon",mixed required and optional items in one order,DEPENDS,Synthetic rule-based vote; not a real participant response.
SYN028,Context-first,48,"Required textbook and LED lights in one order, $114, Amazon",mixed required and optional items in one order,DEPENDS,Synthetic rule-based vote; not a real participant response.
SYN029,Context-first,48,"Required textbook and LED lights in one order, $114, Amazon",mixed required and optional items in one order,DEPENDS,Synthetic rule-based vote; not a real participant response.
SYN030,Context-first,48,"Required textbook and LED lights in one order, $114, Amazon",mixed required and optional items in one order,DEPENDS,Synthetic rule-based vote; not a real participant response.
SYN031,Family-care priority,48,"Required textbook and LED lights in one order, $114, Amazon",mixed required and optional items in one order,DEPENDS,Synthetic rule-based vote; not a real participant response.
SYN032,Family-care priority,48,"Required textbook and LED lights in one order, $114, Amazon",mixed required and optional items in one order,DEPENDS,Synthetic rule-based vote; not a real participant response.
SYN033,Family-care priority,48,"Required textbook and LED lights in one order, $114, Amazon",mixed required and optional items in one order,DEPENDS,Synthetic rule-based vote; not a real participant response.
SYN034,Family-care priority,48,"Required textbook and LED lights in one order, $114, Amazon",mixed required and optional items in one order,DEPENDS,Synthetic rule-based vote; not a real participant response.
SYN035,Family-care priority,48,"Required textbook and LED lights in one order, $114, Amazon",mixed required and optional items in one order,DEPENDS,Synthetic rule-based vote; not a real participant response.
SYN036,Family-care priority,48,"Required textbook and LED lights in one order, $114, Amazon",mixed required and optional items in one order,DEPENDS,Synthetic rule-based vote; not a real participant response.
SYN037,Family-care priority,48,"Required textbook and LED lights in one order, $114, Amazon",mixed required and optional items in one order,DEPENDS,Synthetic rule-based vote; not a real participant response.
SYN038,Family-care priority,48,"Required textbook and LED lights in one order, $114, Amazon",mixed required and optional items in one order,DEPENDS,Synthetic rule-based vote; not a real participant response.
SYN039,Family-care priority,48,"Required textbook and LED lights in one order, $114, Amazon",mixed required and optional items in one order,DEPENDS,Synthetic rule-based vote; not a real participant response.
SYN040,Family-care priority,48,"Required textbook and LED lights in one order, $114, Amazon",mixed required and optional items in one order,DEPENDS,Synthetic rule-based vote; not a real participant response.
SYN041,Wellbeing-balanced,48,"Required textbook and LED lights in one order, $114, Amazon",mixed required and optional items in one order,DEPENDS,Synthetic rule-based vote; not a real participant response.
SYN042,Wellbeing-balanced,48,"Required textbook and LED lights in one order, $114, Amazon",mixed required and optional items in one order,DEPENDS,Synthetic rule-based vote; not a real participant response.
SYN043,Wellbeing-balanced,48,"Required textbook and LED lights in one order, $114, Amazon",mixed required and optional items in one order,DEPENDS,Synthetic rule-based vote; not a real participant response.
SYN044,Wellbeing-balanced,48,"Required textbook and LED lights in one order, $114, Amazon",mixed required and optional items in one order,DEPENDS,Synthetic rule-based vote; not a real participant response.
SYN045,Wellbeing-balanced,48,"Required textbook and LED lights in one order, $114, Amazon",mixed required and optional items in one order,DEPENDS,Synthetic rule-based vote; not a real participant response.
SYN046,Wellbeing-balanced,48,"Required textbook and LED lights in one order, $114, Amazon",mixed required and optional items in one order,DEPENDS,Synthetic rule-based vote; not a real participant response.
SYN047,Wellbeing-balanced,48,"Required textbook and LED lights in one order, $114, Amazon",mixed required and optional items in one order,DEPENDS,Synthetic rule-based vote; not a real participant response.
SYN048,Wellbeing-balanced,48,"Required textbook and LED lights in one order, $114, Amazon",mixed required and optional items in one order,DEPENDS,Synthetic rule-based vote; not a real participant response.
SYN049,Wellbeing-balanced,48,"Required textbook and LED lights in one order, $114, Amazon",mixed required and optional items in one order,DEPENDS,Synthetic rule-based vote; not a real participant response.
SYN050,Wellbeing-balanced,48,"Required textbook and LED lights in one order, $114, Amazon",mixed required and optional items in one order,DEPENDS,Synthetic rule-based vote; not a real participant response.
SYN001,Essentials-first,49,"Money sent home to family, $50, Remitly","monthly, to parents",DEPENDS,Synthetic rule-based vote; not a real participant response.
SYN002,Essentials-first,49,"Money sent home to family, $50, Remitly","monthly, to parents",DEPENDS,Synthetic rule-based vote; not a real participant response.
SYN003,Essentials-first,49,"Money sent home to family, $50, Remitly","monthly, to parents",DEPENDS,Synthetic rule-based vote; not a real participant response.
SYN004,Essentials-first,49,"Money sent home to family, $50, Remitly","monthly, to parents",DEPENDS,Synthetic rule-based vote; not a real participant response.
SYN005,Essentials-first,49,"Money sent home to family, $50, Remitly","monthly, to parents",DEPENDS,Synthetic rule-based vote; not a real participant response.
SYN006,Essentials-first,49,"Money sent home to family, $50, Remitly","monthly, to parents",DEPENDS,Synthetic rule-based vote; not a real participant response.
SYN007,Essentials-first,49,"Money sent home to family, $50, Remitly","monthly, to parents",DEPENDS,Synthetic rule-based vote; not a real participant response.
SYN008,Essentials-first,49,"Money sent home to family, $50, Remitly","monthly, to parents",DEPENDS,Synthetic rule-based vote; not a real participant response.
SYN009,Essentials-first,49,"Money sent home to family, $50, Remitly","monthly, to parents",DEPENDS,Synthetic rule-based vote; not a real participant response.
SYN010,Essentials-first,49,"Money sent home to family, $50, Remitly","monthly, to parents",DEPENDS,Synthetic rule-based vote; not a real participant response.
SYN011,Budget-guarding,49,"Money sent home to family, $50, Remitly","monthly, to parents",DEPENDS,Synthetic rule-based vote; not a real participant response.
SYN012,Budget-guarding,49,"Money sent home to family, $50, Remitly","monthly, to parents",DEPENDS,Synthetic rule-based vote; not a real participant response.
SYN013,Budget-guarding,49,"Money sent home to family, $50, Remitly","monthly, to parents",DEPENDS,Synthetic rule-based vote; not a real participant response.
SYN014,Budget-guarding,49,"Money sent home to family, $50, Remitly","monthly, to parents",DEPENDS,Synthetic rule-based vote; not a real participant response.
SYN015,Budget-guarding,49,"Money sent home to family, $50, Remitly","monthly, to parents",DEPENDS,Synthetic rule-based vote; not a real participant response.
SYN016,Budget-guarding,49,"Money sent home to family, $50, Remitly","monthly, to parents",DEPENDS,Synthetic rule-based vote; not a real participant response.
SYN017,Budget-guarding,49,"Money sent home to family, $50, Remitly","monthly, to parents",DEPENDS,Synthetic rule-based vote; not a real participant response.
SYN018,Budget-guarding,49,"Money sent home to family, $50, Remitly","monthly, to parents",DEPENDS,Synthetic rule-based vote; not a real participant response.
SYN019,Budget-guarding,49,"Money sent home to family, $50, Remitly","monthly, to parents",DEPENDS,Synthetic rule-based vote; not a real participant response.
SYN020,Budget-guarding,49,"Money sent home to family, $50, Remitly","monthly, to parents",DEPENDS,Synthetic rule-based vote; not a real participant response.
SYN021,Context-first,49,"Money sent home to family, $50, Remitly","monthly, to parents",DEPENDS,Synthetic rule-based vote; not a real participant response.
SYN022,Context-first,49,"Money sent home to family, $50, Remitly","monthly, to parents",DEPENDS,Synthetic rule-based vote; not a real participant response.
SYN023,Context-first,49,"Money sent home to family, $50, Remitly","monthly, to parents",DEPENDS,Synthetic rule-based vote; not a real participant response.
SYN024,Context-first,49,"Money sent home to family, $50, Remitly","monthly, to parents",DEPENDS,Synthetic rule-based vote; not a real participant response.
SYN025,Context-first,49,"Money sent home to family, $50, Remitly","monthly, to parents",DEPENDS,Synthetic rule-based vote; not a real participant response.
SYN026,Context-first,49,"Money sent home to family, $50, Remitly","monthly, to parents",DEPENDS,Synthetic rule-based vote; not a real participant response.
SYN027,Context-first,49,"Money sent home to family, $50, Remitly","monthly, to parents",DEPENDS,Synthetic rule-based vote; not a real participant response.
SYN028,Context-first,49,"Money sent home to family, $50, Remitly","monthly, to parents",DEPENDS,Synthetic rule-based vote; not a real participant response.
SYN029,Context-first,49,"Money sent home to family, $50, Remitly","monthly, to parents",DEPENDS,Synthetic rule-based vote; not a real participant response.
SYN030,Context-first,49,"Money sent home to family, $50, Remitly","monthly, to parents",DEPENDS,Synthetic rule-based vote; not a real participant response.
SYN031,Family-care priority,49,"Money sent home to family, $50, Remitly","monthly, to parents",NEED,Synthetic rule-based vote; not a real participant response.
SYN032,Family-care priority,49,"Money sent home to family, $50, Remitly","monthly, to parents",NEED,Synthetic rule-based vote; not a real participant response.
SYN033,Family-care priority,49,"Money sent home to family, $50, Remitly","monthly, to parents",NEED,Synthetic rule-based vote; not a real participant response.
SYN034,Family-care priority,49,"Money sent home to family, $50, Remitly","monthly, to parents",NEED,Synthetic rule-based vote; not a real participant response.
SYN035,Family-care priority,49,"Money sent home to family, $50, Remitly","monthly, to parents",NEED,Synthetic rule-based vote; not a real participant response.
SYN036,Family-care priority,49,"Money sent home to family, $50, Remitly","monthly, to parents",NEED,Synthetic rule-based vote; not a real participant response.
SYN037,Family-care priority,49,"Money sent home to family, $50, Remitly","monthly, to parents",NEED,Synthetic rule-based vote; not a real participant response.
SYN038,Family-care priority,49,"Money sent home to family, $50, Remitly","monthly, to parents",NEED,Synthetic rule-based vote; not a real participant response.
SYN039,Family-care priority,49,"Money sent home to family, $50, Remitly","monthly, to parents",NEED,Synthetic rule-based vote; not a real participant response.
SYN040,Family-care priority,49,"Money sent home to family, $50, Remitly","monthly, to parents",NEED,Synthetic rule-based vote; not a real participant response.
SYN041,Wellbeing-balanced,49,"Money sent home to family, $50, Remitly","monthly, to parents",DEPENDS,Synthetic rule-based vote; not a real participant response.
SYN042,Wellbeing-balanced,49,"Money sent home to family, $50, Remitly","monthly, to parents",DEPENDS,Synthetic rule-based vote; not a real participant response.
SYN043,Wellbeing-balanced,49,"Money sent home to family, $50, Remitly","monthly, to parents",DEPENDS,Synthetic rule-based vote; not a real participant response.
SYN044,Wellbeing-balanced,49,"Money sent home to family, $50, Remitly","monthly, to parents",DEPENDS,Synthetic rule-based vote; not a real participant response.
SYN045,Wellbeing-balanced,49,"Money sent home to family, $50, Remitly","monthly, to parents",DEPENDS,Synthetic rule-based vote; not a real participant response.
SYN046,Wellbeing-balanced,49,"Money sent home to family, $50, Remitly","monthly, to parents",DEPENDS,Synthetic rule-based vote; not a real participant response.
SYN047,Wellbeing-balanced,49,"Money sent home to family, $50, Remitly","monthly, to parents",DEPENDS,Synthetic rule-based vote; not a real participant response.
SYN048,Wellbeing-balanced,49,"Money sent home to family, $50, Remitly","monthly, to parents",DEPENDS,Synthetic rule-based vote; not a real participant response.
SYN049,Wellbeing-balanced,49,"Money sent home to family, $50, Remitly","monthly, to parents",DEPENDS,Synthetic rule-based vote; not a real participant response.
SYN050,Wellbeing-balanced,49,"Money sent home to family, $50, Remitly","monthly, to parents",DEPENDS,Synthetic rule-based vote; not a real participant response.
SYN001,Essentials-first,50,"Sibling school fees, $100, Remitly",one time,DEPENDS,Synthetic rule-based vote; not a real participant response.
SYN002,Essentials-first,50,"Sibling school fees, $100, Remitly",one time,DEPENDS,Synthetic rule-based vote; not a real participant response.
SYN003,Essentials-first,50,"Sibling school fees, $100, Remitly",one time,DEPENDS,Synthetic rule-based vote; not a real participant response.
SYN004,Essentials-first,50,"Sibling school fees, $100, Remitly",one time,DEPENDS,Synthetic rule-based vote; not a real participant response.
SYN005,Essentials-first,50,"Sibling school fees, $100, Remitly",one time,DEPENDS,Synthetic rule-based vote; not a real participant response.
SYN006,Essentials-first,50,"Sibling school fees, $100, Remitly",one time,DEPENDS,Synthetic rule-based vote; not a real participant response.
SYN007,Essentials-first,50,"Sibling school fees, $100, Remitly",one time,DEPENDS,Synthetic rule-based vote; not a real participant response.
SYN008,Essentials-first,50,"Sibling school fees, $100, Remitly",one time,DEPENDS,Synthetic rule-based vote; not a real participant response.
SYN009,Essentials-first,50,"Sibling school fees, $100, Remitly",one time,DEPENDS,Synthetic rule-based vote; not a real participant response.
SYN010,Essentials-first,50,"Sibling school fees, $100, Remitly",one time,DEPENDS,Synthetic rule-based vote; not a real participant response.
SYN011,Budget-guarding,50,"Sibling school fees, $100, Remitly",one time,DEPENDS,Synthetic rule-based vote; not a real participant response.
SYN012,Budget-guarding,50,"Sibling school fees, $100, Remitly",one time,DEPENDS,Synthetic rule-based vote; not a real participant response.
SYN013,Budget-guarding,50,"Sibling school fees, $100, Remitly",one time,DEPENDS,Synthetic rule-based vote; not a real participant response.
SYN014,Budget-guarding,50,"Sibling school fees, $100, Remitly",one time,DEPENDS,Synthetic rule-based vote; not a real participant response.
SYN015,Budget-guarding,50,"Sibling school fees, $100, Remitly",one time,DEPENDS,Synthetic rule-based vote; not a real participant response.
SYN016,Budget-guarding,50,"Sibling school fees, $100, Remitly",one time,DEPENDS,Synthetic rule-based vote; not a real participant response.
SYN017,Budget-guarding,50,"Sibling school fees, $100, Remitly",one time,DEPENDS,Synthetic rule-based vote; not a real participant response.
SYN018,Budget-guarding,50,"Sibling school fees, $100, Remitly",one time,DEPENDS,Synthetic rule-based vote; not a real participant response.
SYN019,Budget-guarding,50,"Sibling school fees, $100, Remitly",one time,DEPENDS,Synthetic rule-based vote; not a real participant response.
SYN020,Budget-guarding,50,"Sibling school fees, $100, Remitly",one time,DEPENDS,Synthetic rule-based vote; not a real participant response.
SYN021,Context-first,50,"Sibling school fees, $100, Remitly",one time,DEPENDS,Synthetic rule-based vote; not a real participant response.
SYN022,Context-first,50,"Sibling school fees, $100, Remitly",one time,DEPENDS,Synthetic rule-based vote; not a real participant response.
SYN023,Context-first,50,"Sibling school fees, $100, Remitly",one time,DEPENDS,Synthetic rule-based vote; not a real participant response.
SYN024,Context-first,50,"Sibling school fees, $100, Remitly",one time,DEPENDS,Synthetic rule-based vote; not a real participant response.
SYN025,Context-first,50,"Sibling school fees, $100, Remitly",one time,DEPENDS,Synthetic rule-based vote; not a real participant response.
SYN026,Context-first,50,"Sibling school fees, $100, Remitly",one time,DEPENDS,Synthetic rule-based vote; not a real participant response.
SYN027,Context-first,50,"Sibling school fees, $100, Remitly",one time,DEPENDS,Synthetic rule-based vote; not a real participant response.
SYN028,Context-first,50,"Sibling school fees, $100, Remitly",one time,DEPENDS,Synthetic rule-based vote; not a real participant response.
SYN029,Context-first,50,"Sibling school fees, $100, Remitly",one time,DEPENDS,Synthetic rule-based vote; not a real participant response.
SYN030,Context-first,50,"Sibling school fees, $100, Remitly",one time,DEPENDS,Synthetic rule-based vote; not a real participant response.
SYN031,Family-care priority,50,"Sibling school fees, $100, Remitly",one time,DEPENDS,Synthetic rule-based vote; not a real participant response.
SYN032,Family-care priority,50,"Sibling school fees, $100, Remitly",one time,NEED,Synthetic rule-based vote; not a real participant response.
SYN033,Family-care priority,50,"Sibling school fees, $100, Remitly",one time,NEED,Synthetic rule-based vote; not a real participant response.
SYN034,Family-care priority,50,"Sibling school fees, $100, Remitly",one time,NEED,Synthetic rule-based vote; not a real participant response.
SYN035,Family-care priority,50,"Sibling school fees, $100, Remitly",one time,NEED,Synthetic rule-based vote; not a real participant response.
SYN036,Family-care priority,50,"Sibling school fees, $100, Remitly",one time,NEED,Synthetic rule-based vote; not a real participant response.
SYN037,Family-care priority,50,"Sibling school fees, $100, Remitly",one time,NEED,Synthetic rule-based vote; not a real participant response.
SYN038,Family-care priority,50,"Sibling school fees, $100, Remitly",one time,NEED,Synthetic rule-based vote; not a real participant response.
SYN039,Family-care priority,50,"Sibling school fees, $100, Remitly",one time,NEED,Synthetic rule-based vote; not a real participant response.
SYN040,Family-care priority,50,"Sibling school fees, $100, Remitly",one time,NEED,Synthetic rule-based vote; not a real participant response.
SYN041,Wellbeing-balanced,50,"Sibling school fees, $100, Remitly",one time,DEPENDS,Synthetic rule-based vote; not a real participant response.
SYN042,Wellbeing-balanced,50,"Sibling school fees, $100, Remitly",one time,DEPENDS,Synthetic rule-based vote; not a real participant response.
SYN043,Wellbeing-balanced,50,"Sibling school fees, $100, Remitly",one time,DEPENDS,Synthetic rule-based vote; not a real participant response.
SYN044,Wellbeing-balanced,50,"Sibling school fees, $100, Remitly",one time,DEPENDS,Synthetic rule-based vote; not a real participant response.
SYN045,Wellbeing-balanced,50,"Sibling school fees, $100, Remitly",one time,DEPENDS,Synthetic rule-based vote; not a real participant response.
SYN046,Wellbeing-balanced,50,"Sibling school fees, $100, Remitly",one time,DEPENDS,Synthetic rule-based vote; not a real participant response.
SYN047,Wellbeing-balanced,50,"Sibling school fees, $100, Remitly",one time,DEPENDS,Synthetic rule-based vote; not a real participant response.
SYN048,Wellbeing-balanced,50,"Sibling school fees, $100, Remitly",one time,DEPENDS,Synthetic rule-based vote; not a real participant response.
SYN049,Wellbeing-balanced,50,"Sibling school fees, $100, Remitly",one time,DEPENDS,Synthetic rule-based vote; not a real participant response.
SYN050,Wellbeing-balanced,50,"Sibling school fees, $100, Remitly",one time,DEPENDS,Synthetic rule-based vote; not a real participant response.
